rxns	yeast7.6_MNX
r_1183	MNXR95704
r_0253	MNXR96926
r_1809	MNXR100308
r_1833	MNXR124347
r_0561	MNXR100664
r_0202	MNXR95842
r_0309	MNXR97019
r_0217	MNXR96079
r_0228	MNXR108930
r_0225	MNXR96132
r_0668	MNXR100884
r_3551	MNXR101014
r_1239	MNXR102102
r_1850	MNXR100845
r_0263	MNXR126659
r_0477	MNXR124393
r_0819	MNXR102220
r_1168	MNXR100449
r_3651	MNXR96140
r_0882	MNXR111765
r_1732	MNXR97324
r_3939	MNXR97950
r_0123	MNXR95367
r_1114	MNXR95771
r_0673	MNXR95015
r_0911	MNXR95643
r_0023	MNXR132709
r_1036	MNXR104908
r_0159	MNXR117501
r_0097	MNXR106335
r_0326	MNXR97185
r_0700	MNXR96229
r_3577	MNXR103046
r_1129	MNXR96815
r_0797	MNXR101939
r_1195	MNXR100300
r_1087	MNXR96230
r_3600	MNXR124347
r_0675	MNXR104834
r_0438	MNXR96969
r_3605	MNXR102871
r_0144	MNXR95492
r_1254	MNXR103385
r_1970	MNXR101972
r_1901	MNXR101367
r_0853	MNXR102634
r_1175	MNXR100461
r_2198	MNXR99164
r_0146	MNXR95806
r_1872	MNXR95851
r_3960	MNXR96946
r_1136	MNXR97838
r_0722	MNXR101375
r_0913	MNXR103156
r_1837	MNXR100649
r_0560	MNXR100660
r_1043	MNXR104848
r_0781	MNXR101977
r_0260	MNXR126668
r_0178	MNXR95746
r_2087	MNXR105002
r_1645	MNXR95484
r_1218	MNXR104850
r_0758	MNXR101571
r_0021	MNXR109269
r_2036	MNXR103401
r_1635	MNXR95431
r_2070	MNXR104860
r_0109	MNXR95219
r_1147	MNXR97950
r_0820	MNXR102231
r_1974	MNXR101929
r_0363	MNXR97804
r_1126	MNXR96753
r_1590	MNXR94828
r_1033	MNXR104823
r_0475	MNXR100030
r_0978	MNXR137338
r_1040	MNXR104833
r_0850	MNXR99140
r_0543	MNXR106445
r_3586	MNXR95830
r_0939	MNXR103122
r_0557	MNXR100658
r_0215	MNXR96085
r_0484	MNXR100446
r_0511	MNXR100214
r_3669	MNXR96810
r_1002	MNXR96042
r_0976	MNXR137339
r_1622	MNXR95062
r_2195	MNXR126663
r_1174	MNXR100211
r_0301	MNXR96920
r_0155	MNXR117324
r_0554	MNXR100353
r_1708	MNXR97843
r_3987	MNXR103315
r_0207	MNXR95948
r_1133	MNXR96929
r_2214	MNXR126665
r_1214	MNXR101490
r_3684	MNXR136128
r_1618	MNXR102028
r_1827	MNXR100765
r_0313	MNXR97018
r_0007	MNXR103169
r_2266	MNXR100545
r_1075	MNXR105149
r_0984	MNXR104083
r_0792	MNXR96559
r_0739	MNXR97776
r_1184	MNXR95953
r_0977	MNXR137339
r_0466	MNXR99907
r_1735	MNXR97819
r_0480	MNXR100295
r_0446	MNXR99672
r_0570	MNXR100783
r_0186	MNXR95724
r_1070	MNXR105057
r_0256	MNXR96455
r_1578	MNXR94809
r_0184	MNXR95719
r_1021	MNXR104627
r_1910	MNXR104533
r_0726	MNXR101407
r_0082	MNXR103044
r_3526	MNXR98641
r_1895	MNXR100678
r_0450	MNXR124532
r_0148	MNXR95450
r_3528	MNXR96815
r_1072	MNXR105118
r_1031	MNXR106759
r_3664	MNXR100765
r_0024	MNXR132738
r_2093	MNXR105190
r_0003	MNXR107844
r_0714	MNXR101439
r_3524	MNXR124347
r_1076	MNXR105091
r_0281	MNXR99650
r_0104	MNXR95194
r_0016	MNXR95260
r_0909	MNXR103154
r_1582	MNXR94812
r_0227	MNXR96131
r_0476	MNXR100024
r_3653	MNXR96810
r_2208	MNXR122919
r_0966	MNXR103429
r_1224	MNXR105188
r_0922	MNXR103263
r_1663	MNXR100483
r_1673	MNXR96906
r_0302	MNXR95386
r_1830	MNXR100765
r_1794	MNXR99620
r_0233	MNXR123636
r_0657	MNXR95263
r_1736	MNXR97762
r_0789	MNXR101928
r_0841	MNXR95892
r_0731	MNXR124509
r_0254	MNXR96926
r_1744	MNXR97680
r_3683	MNXR128298
r_0670	MNXR100946
r_0470	MNXR100085
r_2054	MNXR104505
r_0026	MNXR95923
r_1995	MNXR103046
r_0671	MNXR100947
r_0042	MNXR97218
r_0908	MNXR108987
r_2194	MNXR120051
r_0369	MNXR121010
r_1817	MNXR100306
r_1595	MNXR94859
r_2030	MNXR96145
r_1675	MNXR96562
r_4039	MNXR104636
r_1640	MNXR95445
r_0950	MNXR103345
r_0938	MNXR126086
r_2126	MNXR104279
r_0464	MNXR100180
r_0300	MNXR96920
r_2252	MNXR103466
r_1119	MNXR96334
r_0692	MNXR104714
r_1997	MNXR95892
r_0717	MNXR101347
r_1276	MNXR105175
r_1024	MNXR104638
r_1206	MNXR100999
r_1845	MNXR100791
r_1257	MNXR101658
r_2269	MNXR126787
r_0172	MNXR95748
r_0349	MNXR97428
r_1255	MNXR95810
r_0524	MNXR100453
r_1844	MNXR100791
r_2192	MNXR99110
r_0690	MNXR101242
r_0356	MNXR107112
r_1204	MNXR100822
r_1838	MNXR106445
r_0112	MNXR95413
r_2186	MNXR135773
r_0527	MNXR100409
r_2084	MNXR100834
r_0191	MNXR95786
r_0195	MNXR104927
r_2164	MNXR103451
r_1022	MNXR104635
r_0201	MNXR95191
r_0100	MNXR95204
r_3583	MNXR101894
r_2185	MNXR135772
r_1840	MNXR100661
r_0015	MNXR112804
r_1668	MNXR100482
r_1244	MNXR102872
r_0712	MNXR101264
r_0699	MNXR96229
r_1100	MNXR94863
r_3546	MNXR100848
r_0105	MNXR95201
r_3530	MNXR101896
r_0334	MNXR97762
r_0795	MNXR101936
r_1088	MNXR96230
r_0091	MNXR102539
r_1205	MNXR100822
r_1176	MNXR100466
r_1726	MNXR97625
r_0942	MNXR103128
r_1090	MNXR105186
r_0459	MNXR100014
r_2196	MNXR99153
r_2075	MNXR104821
r_0022	MNXR109268
r_0679	MNXR96056
r_1169	MNXR99888
r_1170	MNXR99874
r_1250	MNXR103339
r_1567	MNXR94782
r_0171	MNXR95723
r_0505	MNXR100066
r_1078	MNXR105163
r_2053	MNXR104530
r_0086	MNXR125830
r_0765	MNXR101882
r_2074	MNXR104885
r_0472	MNXR100289
r_0508	MNXR100069
r_1083	MNXR105139
r_0412	MNXR126663
r_0759	MNXR95530
r_3510	MNXR99101
r_0120	MNXR127526
r_0762	MNXR99596
r_1209	MNXR101058
r_1264	MNXR104626
r_1066	MNXR105001
r_2125	MNXR96815
r_1113	MNXR95773
r_0116	MNXR95393
r_0997	MNXR104379
r_0893	MNXR102547
r_0103	MNXR95194
r_1097	MNXR136615
r_3962	MNXR103112
r_1213	MNXR101266
r_0158	MNXR102165
r_3581	MNXR100308
r_0528	MNXR100144
r_2071	MNXR104859
r_3606	MNXR99874
r_1644	MNXR95484
r_0851	MNXR126234
r_3253	MNXR119162
r_0118	MNXR95388
r_1138	MNXR97839
r_1125	MNXR96692
r_1686	MNXR96756
r_2283	MNXR95194
r_0533	MNXR130287
r_0843	MNXR102345
r_0239	MNXR128522
r_1071	MNXR105090
r_1081	MNXR105140
r_1587	MNXR95663
r_0799	MNXR101937
r_0018	MNXR95160
r_0954	MNXR103355
r_1680	MNXR137415
r_1600	MNXR94913
r_1073	MNXR105118
r_1849	MNXR101585
r_0666	MNXR100820
r_2111	MNXR137261
r_0658	MNXR100782
r_0306	MNXR96945
r_0531	MNXR100596
r_0034	MNXR136084
r_2199	MNXR122919
r_1162	MNXR99529
r_1009	MNXR95382
r_1869	MNXR100780
r_0328	MNXR97076
r_1642	MNXR102382
r_3542	MNXR105436
r_0941	MNXR103208
r_0979	MNXR137338
r_0045	MNXR100656
r_0318	MNXR96927
r_1890	MNXR100301
r_0667	MNXR100796
r_0261	MNXR126661
r_0544	MNXR100577
r_1098	MNXR94808
r_0025	MNXR132738
r_0796	MNXR101940
r_1700	MNXR96815
r_1659	MNXR96083
r_0072	MNXR95033
r_0462	MNXR99634
r_0268	MNXR126669
r_0951	MNXR103347
r_1164	MNXR105408
r_3574	MNXR99110
r_0210	MNXR95950
r_2064	MNXR104823
r_3513	MNXR99110
r_0975	MNXR137337
r_0400	MNXR120051
r_3512	MNXR99109
r_1691	MNXR96810
r_0569	MNXR100808
r_0441	MNXR99607
r_1812	MNXR100061
r_0243	MNXR96432
r_0481	MNXR100098
r_0267	MNXR126670
r_1813	MNXR100061
r_0344	MNXR97401
r_3667	MNXR95484
r_0790	MNXR101931
r_0718	MNXR101446
r_1187	MNXR96067
r_2204	MNXR99164
r_0553	MNXR100353
r_0845	MNXR122907
r_0852	MNXR102634
r_1588	MNXR95663
r_1201	MNXR100645
r_0912	MNXR95639
r_1196	MNXR100300
r_0972	MNXR137377
r_0760	MNXR124394
r_3648	MNXR98641
r_1754	MNXR97951
r_0173	MNXR95750
r_0012	MNXR102301
r_2132	MNXR95659
r_0990	MNXR99461
r_0949	MNXR103345
r_0910	MNXR103155
r_1611	MNXR95013
r_0035	MNXR136083
r_0364	MNXR97822
r_2041	MNXR104036
r_2069	MNXR104907
r_1029	MNXR104730
r_0989	MNXR104236
r_0664	MNXR96228
r_1007	MNXR104439
r_0562	MNXR100752
r_1696	MNXR96810
r_1226	MNXR101374
r_1197	MNXR100262
r_0216	MNXR96079
r_0547	MNXR100734
r_1235	MNXR101808
r_2136	MNXR137169
r_2251	MNXR97892
r_0782	MNXR101981
r_0044	MNXR94901
r_0249	MNXR110956
r_0062	MNXR94922
r_0716	MNXR101347
r_1964	MNXR101894
r_1079	MNXR105160
r_1608	MNXR94993
r_2082	MNXR104949
r_1905	MNXR103213
r_1810	MNXR125443
r_0563	MNXR100811
r_0680	MNXR96056
r_3548	MNXR95626
r_1667	MNXR100482
r_1207	MNXR101277
r_0786	MNXR101980
r_1864	MNXR100775
r_0373	MNXR99650
r_1027	MNXR104650
r_0020	MNXR97218
r_1137	MNXR97838
r_3259	MNXR119160
r_1042	MNXR104848
r_2103	MNXR105247
r_1576	MNXR94810
r_0443	MNXR99236
r_0065	MNXR103226
r_1242	MNXR102483
r_0992	MNXR104275
r_0818	MNXR102221
r_1562	MNXR101573
r_2112	MNXR132503
r_1568	MNXR94793
r_0656	MNXR95262
r_0787	MNXR101980
r_0200	MNXR95149
r_3680	MNXR96815
r_2191	MNXR100750
r_3532	MNXR101881
r_0070	MNXR95011
r_0729	MNXR125385
r_1091	MNXR105243
r_3545	MNXR104354
r_0061	MNXR100878
r_1966	MNXR101918
r_0534	MNXR100612
r_0223	MNXR136085
r_2250	MNXR97891
r_0886	MNXR124524
r_0280	MNXR95387
r_2197	MNXR126667
r_1654	MNXR101948
r_2139	MNXR97951
r_2116	MNXR95749
r_1560	MNXR125284
r_0117	MNXR95385
r_1776	MNXR99126
r_0565	MNXR100830
r_3543	MNXR96140
r_0885	MNXR102498
r_1132	MNXR97044
r_0057	MNXR100547
r_1148	MNXR97950
r_1996	MNXR102344
r_0147	MNXR95444
r_3525	MNXR100765
r_0965	MNXR103429
r_1762	MNXR97980
r_1610	MNXR95001
r_1752	MNXR97813
r_0682	MNXR97908
r_1173	MNXR100368
r_0536	MNXR100587
r_1237	MNXR102225
r_0067	MNXR95436
r_1179	MNXR99505
r_1166	MNXR100188
r_1763	MNXR97980
r_0775	MNXR101910
r_2160	MNXR118002
r_3719	MNXR101014
r_0262	MNXR126662
r_1603	MNXR95632
r_0959	MNXR103379
r_0906	MNXR103098
r_0805	MNXR101933
r_1056	MNXR104947
r_3663	MNXR102871
r_0737	MNXR101497
r_1750	MNXR97810
r_3508	MNXR135773
r_0715	MNXR101439
r_0567	MNXR100837
r_2022	MNXR103127
r_0503	MNXR124474
r_1151	MNXR99212
r_0270	MNXR126671
r_2095	MNXR98641
r_1035	MNXR104888
r_1046	MNXR95383
r_3519	MNXR104598
r_0235	MNXR128630
r_2170	MNXR103466
r_1080	MNXR105160
r_1023	MNXR104541
r_0973	MNXR137379
r_0179	MNXR95720
r_1637	MNXR95223
r_0399	MNXR118203
r_0688	MNXR101010
r_1274	MNXR105166
r_1665	MNXR100482
r_0816	MNXR102137
r_0558	MNXR100659
r_1632	MNXR95212
r_0821	MNXR102190
r_1617	MNXR102035
r_2026	MNXR103357
r_1177	MNXR100841
r_1161	MNXR99529
r_0761	MNXR95259
r_1178	MNXR99505
r_0958	MNXR102391
r_0041	MNXR94866
r_2212	MNXR128076
r_0094	MNXR95854
r_0250	MNXR96485
r_2131	MNXR100781
r_1270	MNXR104828
r_3509	MNXR128297
r_0019	MNXR97779
r_0163	MNXR95725
r_0286	MNXR110950
r_0218	MNXR96079
r_0849	MNXR99133
r_1988	MNXR102100
r_2029	MNXR103362
r_0957	MNXR102302
r_1219	MNXR104950
r_1267	MNXR104460
r_1585	MNXR94814
r_1265	MNXR104633
r_0192	MNXR109280
r_1731	MNXR97208
r_1000	MNXR129857
r_0153	MNXR95495
r_0113	MNXR95413
r_0525	MNXR100455
r_1607	MNXR94992
r_0987	MNXR104357
r_0321	MNXR132643
r_0079	MNXR103165
r_1877	MNXR135734
r_0526	MNXR100464
r_0804	MNXR102043
r_2129	MNXR100765
r_0442	MNXR99597
r_1005	MNXR104280
r_2249	MNXR97890
r_3584	MNXR101896
r_2230	MNXR100750
r_1682	MNXR96688
r_1676	MNXR137412
r_1006	MNXR104440
r_1614	MNXR102036
r_2305	MNXR95387
r_0288	MNXR105052
r_0236	MNXR123714
r_0463	MNXR100180
r_0319	MNXR107687
r_2166	MNXR103459
r_1623	MNXR99668
r_3531	MNXR102090
r_1089	MNXR105186
r_0993	MNXR104347
r_1245	MNXR102872
r_1739	MNXR97455
r_1222	MNXR105003
r_2203	MNXR126667
r_0791	MNXR101931
r_0555	MNXR100569
r_0226	MNXR96136
r_3607	MNXR99888
r_1102	MNXR95061
r_0574	MNXR109847
r_1063	MNXR105000
r_0971	MNXR137378
r_0190	MNXR95769
r_3681	MNXR135773
r_1065	MNXR105000
r_0176	MNXR95744
r_3517	MNXR103046
r_0956	MNXR103363
r_1067	MNXR105001
r_3587	MNXR103112
r_0330	MNXR97320
r_0124	MNXR95368
r_1975	MNXR102044
r_0985	MNXR94862
r_0903	MNXR103045
r_1104	MNXR95113
r_1821	MNXR100432
r_2200	MNXR120051
r_1110	MNXR96123
r_3537	MNXR102871
r_0983	MNXR104069
r_0988	MNXR104237
r_2008	MNXR102871
r_0068	MNXR95186
r_0473	MNXR99896
r_0265	MNXR126660
r_1092	MNXR105262
r_2094	MNXR98641
r_3678	MNXR99101
r_1695	MNXR96810
r_2097	MNXR98641
r_1990	MNXR100443
r_0351	MNXR97439
r_4005	MNXR102505
r_3539	MNXR96562
r_0170	MNXR95722
r_2165	MNXR103455
r_0266	MNXR126618
r_1717	MNXR104288
r_1826	MNXR100765
r_3602	MNXR95484
r_2233	MNXR127520
r_0310	MNXR97012
r_3958	MNXR100308
r_0038	MNXR97178
r_1698	MNXR96815
r_0943	MNXR103048
r_0083	MNXR101584
r_0549	MNXR100736
r_0037	MNXR136082
r_0529	MNXR100145
r_1714	MNXR99986
r_0077	MNXR102030
r_1131	MNXR96947
r_1745	MNXR97446
r_0694	MNXR104944
r_0348	MNXR126238
r_0803	MNXR101938
r_1919	MNXR101269
r_1728	MNXR97081
r_3571	MNXR99101
r_1724	MNXR106399
r_1743	MNXR97404
r_0490	MNXR99875
r_0152	MNXR95493
r_1874	MNXR95706
r_2118	MNXR125745
r_0346	MNXR97403
r_1633	MNXR95212
r_0960	MNXR103380
r_0160	MNXR102164
r_0107	MNXR95200
r_0231	MNXR109728
r_0967	MNXR97501
r_1647	MNXR95663
r_0331	MNXR136013
r_0974	MNXR137337
r_0360	MNXR106791
r_2234	MNXR116444
r_0214	MNXR96080
r_1241	MNXR103053
r_0689	MNXR104339
r_1180	MNXR100774
r_0736	MNXR101496
r_0211	MNXR96059
r_3996	MNXR102406
r_0518	MNXR95258
r_1193	MNXR101034
r_0209	MNXR95950
r_1824	MNXR100765
r_1051	MNXR104926
r_1216	MNXR103211
r_0766	MNXR101882
r_0995	MNXR125384
r_1685	MNXR96711
r_0447	MNXR99672
r_1263	MNXR104501
r_1215	MNXR102635
r_1868	MNXR100780
r_1811	MNXR100371
r_1191	MNXR96906
r_3717	MNXR97944
r_0707	MNXR107919
r_0111	MNXR95363
r_0029	MNXR102180
r_1004	MNXR104281
r_0842	MNXR103050
r_1012	MNXR104529
r_0017	MNXR100694
r_3666	MNXR96140
r_1882	MNXR96906
r_0323	MNXR104283
r_1816	MNXR100306
r_0802	MNXR101934
r_2040	MNXR104033
r_1047	MNXR103150
r_0663	MNXR96228
r_0698	MNXR101117
r_2039	MNXR104033
r_3668	MNXR98641
r_0284	MNXR100621
r_0165	MNXR95725
r_0206	MNXR95945
r_0695	MNXR104994
r_0347	MNXR125603
r_0488	MNXR100348
r_0274	MNXR96686
r_0162	MNXR102167
r_1118	MNXR96083
r_1251	MNXR103341
r_0193	MNXR95163
r_0151	MNXR108966
r_0678	MNXR95156
r_0771	MNXR106390
r_1689	MNXR96753
r_2156	MNXR94939
r_0719	MNXR101443
r_1591	MNXR94828
r_0222	MNXR95435
r_0986	MNXR104270
r_0145	MNXR95455
r_1128	MNXR96755
r_1086	MNXR96133
r_0486	MNXR100040
r_0564	MNXR100813
r_0725	MNXR101748
r_0350	MNXR107926
r_1721	MNXR97182
r_1658	MNXR96069
r_0244	MNXR96407
r_1616	MNXR102038
r_0767	MNXR101888
r_1831	MNXR100765
r_0556	MNXR100611
r_0140	MNXR95432
r_1758	MNXR97950
r_1989	MNXR106490
r_1167	MNXR100449
r_0724	MNXR101748
r_2004	MNXR102637
r_0844	MNXR122908
r_2099	MNXR98641
r_2101	MNXR105226
r_0340	MNXR126695
r_1963	MNXR101896
r_1829	MNXR100765
r_0121	MNXR95365
r_0546	MNXR100735
r_1221	MNXR105005
r_0955	MNXR102438
r_1003	MNXR104365
r_2211	MNXR126665
r_3549	MNXR97944
r_1936	MNXR101551
r_1058	MNXR104948
r_1099	MNXR94819
r_3599	MNXR137463
r_0738	MNXR101498
r_2117	MNXR125716
r_1638	MNXR95412
r_0138	MNXR95443
r_3937	MNXR128298
r_0040	MNXR97447
r_1127	MNXR96754
r_1720	MNXR97082
r_0242	MNXR126641
r_0069	MNXR95024
r_1172	MNXR100343
r_1971	MNXR101972
r_1238	MNXR102224
r_3682	MNXR128297
r_1278	MNXR105285
r_0075	MNXR101745
r_1054	MNXR104918
r_2080	MNXR104933
r_1048	MNXR124173
r_0540	MNXR100643
r_2235	MNXR111750
r_1723	MNXR97174
r_0312	MNXR97007
r_0084	MNXR99668
r_0437	MNXR106340
r_3579	MNXR104598
r_0180	MNXR95720
r_2157	MNXR103450
r_1734	MNXR97817
r_0798	MNXR96118
r_1203	MNXR100825
r_0368	MNXR97969
r_1619	MNXR100381
r_1149	MNXR97974
r_1038	MNXR137353
r_0039	MNXR97449
r_1669	MNXR100484
r_0478	MNXR100257
r_1194	MNXR100301
r_0772	MNXR106390
r_1085	MNXR96133
r_0504	MNXR100065
r_2248	MNXR97889
r_1583	MNXR94812
r_1751	MNXR97812
r_0961	MNXR102425
r_0659	MNXR100781
r_1656	MNXR95830
r_1615	MNXR102033
r_0362	MNXR136057
r_0043	MNXR94965
r_0999	MNXR104375
r_0813	MNXR95631
r_0487	MNXR100327
r_0194	MNXR95163
r_1202	MNXR100824
r_0115	MNXR95256
r_0451	MNXR99705
r_2206	MNXR126667
r_1077	MNXR105162
r_0499	MNXR99623
r_2079	MNXR104932
r_0285	MNXR109713
r_0817	MNXR102209
r_3582	MNXR97366
r_2114	MNXR103396
r_2163	MNXR103465
r_1261	MNXR104497
r_1979	MNXR102090
r_1268	MNXR104733
r_0905	MNXR103119
r_0831	MNXR95656
r_0027	MNXR108174
r_1932	MNXR101396
r_0252	MNXR96926
r_0471	MNXR100086
r_1109	MNXR95461
r_0078	MNXR102032
r_2215	MNXR128076
r_0032	MNXR96321
r_3536	MNXR103112
r_0237	MNXR123719
r_0279	MNXR96709
r_1876	MNXR95190
r_0212	MNXR96064
r_0064	MNXR94925
r_0784	MNXR95841
r_0461	MNXR100137
r_1697	MNXR96810
r_0575	MNXR108166
r_1980	MNXR102090
r_0469	MNXR95942
r_0457	MNXR100451
r_0500	MNXR100313
r_3650	MNXR100765
r_1273	MNXR105154
r_1579	MNXR94809
r_0208	MNXR95949
r_1243	MNXR102622
r_2267	MNXR100546
r_3665	MNXR96810
r_0681	MNXR97908
r_0757	MNXR101570
r_2184	MNXR99126
r_0004	MNXR101276
r_1010	MNXR104528
r_1165	MNXR100090
r_0465	MNXR125024
r_0485	MNXR100450
r_0968	MNXR103430
r_0921	MNXR103262
r_1277	MNXR98641
r_0918	MNXR103225
r_0571	MNXR109392
r_2050	MNXR104491
r_1185	MNXR95954
r_1198	MNXR100260
r_0085	MNXR101555
r_3940	MNXR102871
r_1777	MNXR128297
r_2045	MNXR104354
r_2086	MNXR105002
r_2042	MNXR95626
r_0359	MNXR126037
r_0572	MNXR114260
r_3534	MNXR100308
r_0058	MNXR94889
r_0354	MNXR97361
r_1139	MNXR101403
r_1965	MNXR101950
r_0502	MNXR124474
r_0691	MNXR104284
r_0806	MNXR102045
r_1823	MNXR100433
r_0735	MNXR101495
r_3520	MNXR128426
r_0506	MNXR100067
r_0156	MNXR95618
r_0683	MNXR97908
r_1822	MNXR100433
r_1688	MNXR96755
r_1050	MNXR124172
r_0307	MNXR96944
r_0185	MNXR95743
r_0768	MNXR97678
r_0883	MNXR137297
r_0964	MNXR100447
r_3573	MNXR99109
r_1111	MNXR96139
r_3535	MNXR97366
r_0953	MNXR103365
r_0030	MNXR102180
r_0282	MNXR100137
r_1998	MNXR102382
r_0181	MNXR95721
r_1025	MNXR104240
r_0220	MNXR125383
r_1846	MNXR100833
r_0542	MNXR100552
r_0914	MNXR103139
r_1026	MNXR104444
r_1694	MNXR96810
r_1134	MNXR99664
r_1271	MNXR105061
r_1664	MNXR100482
r_0479	MNXR100295
r_0468	MNXR100277
r_0219	MNXR96039
r_1660	MNXR96140
r_3679	MNXR99109
r_0352	MNXR97358
r_0002	MNXR106428
r_0440	MNXR95501
r_0497	MNXR100410
r_2202	MNXR99153
r_0935	MNXR103095
r_1703	MNXR97047
r_2155	MNXR122921
r_2223	MNXR104597
r_1704	MNXR97053
r_1008	MNXR95382
r_0355	MNXR97512
r_0730	MNXR125385
r_1674	MNXR96898
r_1796	MNXR99715
r_0125	MNXR95366
r_0702	MNXR101053
r_3547	MNXR95809
r_2268	MNXR100548
r_1034	MNXR104886
r_0154	MNXR95159
r_0204	MNXR95856
r_1108	MNXR95446
r_0198	MNXR101350
r_1189	MNXR96106
r_3570	MNXR99874
r_0095	MNXR95211
r_2085	MNXR100834
r_0199	MNXR95812
r_0283	MNXR103150
r_1737	MNXR97314
r_3961	MNXR102871
r_0175	MNXR95750
r_0723	MNXR124423
r_1613	MNXR102037
r_1679	MNXR137413
r_0662	MNXR100789
r_1082	MNXR105137
r_0489	MNXR99894
r_1801	MNXR100096
r_1049	MNXR104868
r_1199	MNXR100260
r_0800	MNXR96119
r_1930	MNXR101346
r_3533	MNXR101900
r_0436	MNXR99471
r_0676	MNXR96121
r_0342	MNXR126696
r_2023	MNXR103216
r_0454	MNXR99636
r_1839	MNXR98640
r_0998	MNXR104373
r_2105	MNXR105264
r_0747	MNXR126697
r_0770	MNXR101868
r_1690	MNXR96804
r_0512	MNXR100365
r_1661	MNXR96140
r_1188	MNXR96066
r_0915	MNXR100287
r_1733	MNXR97466
r_0812	MNXR95634
r_1260	MNXR104497
r_0669	MNXR100902
r_0929	MNXR103057
r_1596	MNXR94926
r_1825	MNXR100765
r_1256	MNXR95809
r_3596	MNXR98641
r_1200	MNXR100647
r_0327	MNXR97201
r_0315	MNXR97042
r_0361	MNXR136056
r_0773	MNXR101869
r_2205	MNXR122919
r_0962	MNXR103371
r_0769	MNXR97678
r_0221	MNXR125383
r_2089	MNXR105127
r_0996	MNXR104378
r_1597	MNXR94926
r_0142	MNXR95456
r_1722	MNXR96130
r_2201	MNXR126663
r_0114	MNXR95413
r_0783	MNXR95841
r_0545	MNXR107239
r_0303	MNXR95386
r_0060	MNXR100827
r_0139	MNXR95482
r_2072	MNXR104852
r_1217	MNXR104352
r_0320	MNXR132642
r_1186	MNXR96066
r_1220	MNXR105002
r_1190	MNXR96106
r_3652	MNXR95484
r_0448	MNXR130293
r_2057	MNXR104619
r_1907	MNXR104354
r_1981	MNXR99109
r_1135	MNXR100026
r_0119	MNXR95402
r_2063	MNXR137463
r_1599	MNXR94913
r_0847	MNXR99131
r_1069	MNXR106519
r_3662	MNXR98641
r_3718	MNXR99529
r_0167	MNXR95716
r_1747	MNXR103112
r_1001	MNXR95860
r_1236	MNXR99109
r_2231	MNXR99110
r_0182	MNXR95718
r_2175	MNXR95374
r_1842	MNXR100749
r_1684	MNXR96693
r_0728	MNXR124973
r_2065	MNXR104901
r_0788	MNXR96129
r_1057	MNXR104948
r_1729	MNXR96117
r_0982	MNXR104084
r_0127	MNXR119161
r_0815	MNXR104380
r_0205	MNXR107158
r_0727	MNXR101481
r_0311	MNXR95637
r_1084	MNXR100022
r_1116	MNXR96125
r_0366	MNXR97932
r_0308	MNXR96469
r_1094	MNXR105255
r_0538	MNXR95852
r_1885	MNXR97841
r_0887	MNXR102510
r_0169	MNXR95722
r_1863	MNXR100775
r_1884	MNXR97841
r_1210	MNXR101055
r_1766	MNXR99646
r_0917	MNXR103260
r_2032	MNXR103112
r_0273	MNXR96702
r_1212	MNXR101267
r_1227	MNXR101365
r_1259	MNXR104495
r_0460	MNXR100074
r_1795	MNXR99620
r_1575	MNXR94810
r_3550	MNXR99529
r_0713	MNXR101439
r_0174	MNXR95749
r_0937	MNXR103059
r_2119	MNXR112689
r_0891	MNXR102527
r_1211	MNXR101055
r_0353	MNXR97359
r_1977	MNXR102090
r_3553	MNXR105285
r_0811	MNXR101935
r_0940	MNXR103187
r_1803	MNXR131177
r_1112	MNXR95654
r_0329	MNXR97207
r_1657	MNXR95953
r_0535	MNXR95795
r_1898	MNXR100824
r_1991	MNXR104921
r_0143	MNXR95824
r_4042	MNXR103420
r_3959	MNXR96806
r_0014	MNXR112805
r_1101	MNXR94994
r_0701	MNXR101053
r_1770	MNXR135772
r_0708	MNXR107919
r_1093	MNXR132632
r_0774	MNXR101910
r_0674	MNXR95698
r_1171	MNXR100344
r_1774	MNXR99101
r_0177	MNXR95746
r_1624	MNXR99671
r_0832	MNXR95657
r_0033	MNXR95886
r_1935	MNXR101493
r_1710	MNXR113944
r_0453	MNXR97425
r_0482	MNXR100098
r_3527	MNXR96810
r_1028	MNXR104744
r_0455	MNXR99636
r_1192	MNXR97027
r_3957	MNXR100765
r_0514	MNXR100384
r_0661	MNXR100781
r_0345	MNXR97401
r_2025	MNXR103361
r_0238	MNXR128521
r_2061	MNXR122251
r_0970	MNXR137376
r_0889	MNXR100389
r_3671	MNXR128426
r_0548	MNXR100737
r_1096	MNXR105406
r_1609	MNXR95001
r_1032	MNXR104817
r_1182	MNXR100876
r_1976	MNXR95412
r_0936	MNXR103058
r_1620	MNXR102029
r_1802	MNXR100096
r_0076	MNXR102034
r_0269	MNXR126672
r_2096	MNXR98641
r_0559	MNXR100660
r_1272	MNXR105148
r_1030	MNXR99614
r_0278	MNXR96708
r_2154	MNXR122920
r_0224	MNXR96127
r_0539	MNXR100643
r_2181	MNXR118013
r_0106	MNXR95198
r_0304	MNXR96880
r_0122	MNXR124346
r_0907	MNXR103115
r_0491	MNXR99876
r_3597	MNXR100343
r_0264	MNXR126619
r_0848	MNXR122906
r_2107	MNXR105285
r_1011	MNXR104447
r_1225	MNXR101014
r_0101	MNXR124343
r_0343	MNXR126694
r_1074	MNXR105142
r_0568	MNXR100808
r_0081	MNXR95695
r_1106	MNXR95431
r_2034	MNXR103385
r_1819	MNXR100465
r_0028	MNXR101417
r_0183	MNXR95718
r_1908	MNXR104289
r_0090	MNXR124534
r_3540	MNXR96806
r_0203	MNXR95843
r_1772	MNXR128297
r_1931	MNXR123950
r_1266	MNXR104469
r_0213	MNXR96064
r_1805	MNXR100188
r_3552	MNXR97950
r_2168	MNXR97891
r_1103	MNXR95074
r_0241	MNXR126638
r_0530	MNXR100595
r_0884	MNXR103099
r_1262	MNXR104501
r_0452	MNXR99705
r_0317	MNXR109729
r_0335	MNXR97180
r_3580	MNXR128426
r_1978	MNXR102090
r_4045	MNXR105161
r_3538	MNXR96946
r_4038	MNXR104713
r_1677	MNXR137414
r_0287	MNXR112246
r_0902	MNXR101729
r_1790	MNXR95501
r_1115	MNXR101950
r_2098	MNXR98641
r_2177	MNXR97895
r_0230	MNXR96208
r_0665	MNXR100820
r_2002	MNXR102312
r_0734	MNXR101415
r_0693	MNXR104714
r_0332	MNXR126494
r_0129	MNXR119159
r_2003	MNXR102312
r_1146	MNXR97944
r_0697	MNXR100355
r_0785	MNXR101978
r_2207	MNXR99164
r_0854	MNXR125761
r_0168	MNXR95717
r_0541	MNXR95957
r_0402	MNXR99153
r_0189	MNXR95767
r_0807	MNXR100892
r_1771	MNXR135773
r_1848	MNXR100849
r_0969	MNXR103431
r_0492	MNXR99876
r_1041	MNXR104846
r_0537	MNXR100642
r_1835	MNXR99101
r_1746	MNXR97366
r_1252	MNXR103341
r_0087	MNXR101759
r_1606	MNXR94995
r_0510	MNXR100224
r_1887	MNXR99897
r_0810	MNXR101928
r_1181	MNXR100779
r_0066	MNXR95440
r_0916	MNXR103215
r_1605	MNXR94995
r_0166	MNXR95716
r_2221	MNXR99100
r_3649	MNXR102871
r_0445	MNXR99475
r_3544	MNXR95830
r_3585	MNXR96140
r_1652	MNXR95659
r_0483	MNXR100446
r_0164	MNXR95711
r_3523	MNXR137463
r_0467	MNXR130328
r_1972	MNXR101972
r_0793	MNXR100807
r_1699	MNXR96815
r_0259	MNXR126673
r_1055	MNXR132685
r_1892	MNXR100259
r_0157	MNXR95701
r_0801	MNXR101941
r_3529	MNXR101894
r_3720	MNXR105285
r_0410	MNXR99205
r_0888	MNXR102548
r_0161	MNXR102166
r_0108	MNXR95219
r_1601	MNXR94966
r_1039	MNXR137353
r_0150	MNXR95452
r_0764	MNXR101861
r_0255	MNXR96455
r_2031	MNXR103377
r_0711	MNXR101264
r_1223	MNXR105003
r_0102	MNXR95203
r_0573	MNXR109848
r_0458	MNXR99985
r_0855	MNXR103157
r_0314	MNXR97039
r_0036	MNXR100078
r_0892	MNXR102538
r_1229	MNXR101900
r_0904	MNXR103043
r_2027	MNXR100763
r_1269	MNXR104824
r_3938	MNXR136128
r_0187	MNXR95724
r_1208	MNXR101057
r_1120	MNXR96898
r_0149	MNXR95450
r_0696	MNXR101018
r_3615	MNXR124347
r_3902	MNXR136128
r_3603	MNXR100765
r_3901	MNXR128298
r_3611	MNXR99110
r_1760	MNXR97950
r_2218	MNXR128076
r_2115	MNXR95725
r_3608	MNXR99101
r_2217	MNXR126665
r_3614	MNXR137463
r_3610	MNXR99109
r_0919	MNXR126696
r_3604	MNXR98641
r_0920	MNXR126694
r_3601	MNXR96140
r_1759	MNXR97950
