"Query.Mass","Matched.Compound","Matched.Form","Mass.Diff"
"252.1083","CH33ADO","M+H[1+]","0.000815776369989862"
"252.1083","C00559","M+H[1+]","0.000815776369989862"
"252.1083","DIHYDRONEOPTERIN-P","M-HCOOK+H[1+]","0.000760806869976705"
"252.1083","NICOTINAMIDE_NUCLEOTIDE","M-HCOOK+H[1+]","0.00210347756998885"
"220.082","C01118","M+H[1+]","0.000436378129961668"
"220.082","DIHYDRO-NEO-PTERIN","M-H4O2+H[1+]","0.00083039847001487"
"220.082","N2-SUCCINYLGLUTAMATE","M-CO+H[1+]","0.000521756029968401"
"220.082","NICOTINAMIDE_RIBOSE","M-H4O2+H[1+]","0.00217306917002702"
"270.092","C00294","M(C13)+H[1+]","0.000554016730006879"
"343.1242","ALPHA-MALTOSE","M+H[1+]","0.000711983929932103"
"343.1242","MALTOSE","M+H[1+]","0.000711983929932103"
"343.1242","C00089","M+H[1+]","0.000711983929932103"
"343.1242","C01083","M+H[1+]","0.000711983929932103"
"349.0743","AMP","M(C13)+H[1+]","0.000539193130009608"
"138.0493","C00262","M(C13)+H[1+]","0.000112761929983662"
"181.0712","ALPHA-D-GALACTOSE","M+H[1+]","0.000535415429993691"
"181.0712","ALPHA-GLUCOSE","M+H[1+]","0.000535415429993691"
"181.0712","BETA-D-FRUCTOSE","M+H[1+]","0.000535415429993691"
"181.0712","CPD-13559","M+H[1+]","0.000535415429993691"
"181.0712","CPD-9569","M+H[1+]","0.000535415429993691"
"181.0712","GALACTOSE","M+H[1+]","0.000535415429993691"
"181.0712","GLC","M+H[1+]","0.000535415429993691"
"181.0712","C00137","M+H[1+]","0.000535415429993691"
"181.0712","C05512","M-C3H4O2+H[1+]","0.000831361169986167"
"290.0763","DIHYDROKAEMPFEROL-CMPD","M(C13)+H[1+]","0.00223541542999328"
"290.0763","LEUCOPELARGONIDIN-CMPD","M[1+]","0.00273818199997322"
"348.071","AMP","M+H[1+]","0.000639193130041349"
"348.071","CAMP","M+H2O+H[1+]","0.000603879430059351"
"423.0907","CPD-14767","M+H[1+]","0.000881575530058853"
"423.0907","SUCROSE-6P","M+H[1+]","0.000881575530058853"
"423.0907","TREHALOSE-6P","M+H[1+]","0.000881575530058853"
"243.027","1-L-MYO-INOSITOL-1-P","M-H2O+H[1+]","0.000605007030003435"
"243.027","3-DEOXY-D-ARABINO-HEPTULOSONATE-7-P","M-HCOOH+H[1+]","0.000490384930003529"
"243.027","ALPHA-GLC-6-P","M-H2O+H[1+]","0.000605007030003435"
"243.027","CPD-448","M-H2O+H[1+]","0.000605007030003435"
"243.027","CPD-9451","M+HCOOK[1+]","0.000514723829979857"
"243.027","D-HEXOSE-6-PHOSPHATE","M-H2O+H[1+]","0.000605007030003435"
"243.027","D-MYO-INOSITOL-1-MONOPHOSPHATE","M-H2O+H[1+]","0.000605007030003435"
"243.027","FRU1P","M-H2O+H[1+]","0.000605007030003435"
"243.027","FRUCTOSE-6P","M-H2O+H[1+]","0.000605007030003435"
"243.027","GALACTOSE-1P","M-H2O+H[1+]","0.000605007030003435"
"243.027","GLC-1-P","M-H2O+H[1+]","0.000605007030003435"
"243.027","GLC-6-P","M-H2O+H[1+]","0.000605007030003435"
"243.027","MANNOSE-1P","M-H2O+H[1+]","0.000605007030003435"
"243.027","MANNOSE-6P","M-H2O+H[1+]","0.000605007030003435"
"269.0887","C00294","M+H[1+]","0.00065401673003862"
"270.1187","CH33ADO","M+H2O+H[1+]","0.00101577637002492"
"270.1187","C00559","M+H2O+H[1+]","0.00101577637002492"
"270.1187","DIAMINO-OH-PHOSPHORIBOSYLAMINO-PYR","M-HCOOK+H[1+]","0.000925493169972924"
"283.0194","1-L-MYO-INOSITOL-1-P","M+Na[1+]","0.000405007030053639"
"283.0194","ALPHA-GLC-6-P","M+Na[1+]","0.000405007030053639"
"283.0194","CPD-448","M+Na[1+]","0.000405007030053639"
"283.0194","D-HEXOSE-6-PHOSPHATE","M+Na[1+]","0.000405007030053639"
"283.0194","D-MYO-INOSITOL-1-MONOPHOSPHATE","M+Na[1+]","0.000405007030053639"
"283.0194","FRU1P","M+Na[1+]","0.000405007030053639"
"283.0194","FRUCTOSE-6P","M+Na[1+]","0.000405007030053639"
"283.0194","GALACTOSE-1P","M+Na[1+]","0.000405007030053639"
"283.0194","GLC-1-P","M+Na[1+]","0.000405007030053639"
"283.0194","GLC-6-P","M+Na[1+]","0.000405007030053639"
"283.0194","MANNOSE-1P","M+Na[1+]","0.000405007030053639"
"283.0194","MANNOSE-6P","M+Na[1+]","0.000405007030053639"
"324.0599","CMP","M+H[1+]","0.000772581430055652"
"192.087","CPD-469","M+H2O+H[1+]","0.000315686529972936"
"192.087","C01118","M-CO+H[1+]","0.000436378129961668"
"249.0651","PYRIDOXAMINE-5P","M+H[1+]","0.00161548502995856"
"253.1115","CH33ADO","M(C13)+H[1+]","0.0010157763699965"
"253.1115","C00559","M(C13)+H[1+]","0.0010157763699965"
"387.0408","OROTIDINE-5-PHOSPHATE","M+H2O+H[1+]","0.00277224757002159"
"180.087","CH33ADO","M-C3H4O2+H[1+]","0.00101577637002492"
"180.087","CPD-468","M+H2O+H[1+]","0.000315686529972936"
"180.087","CPD-667","M+H2O+H[1+]","0.000315686529972936"
"180.087","C00559","M-C3H4O2+H[1+]","0.00101577637002492"
"180.087","C00579","M-CO+H[1+]","0.000432019770016723"
"218.0429","O-PHOSPHO-L-HOMOSERINE","M+H2O+H[1+]","0.00044996442997558"
"127.0393","3-DEHYDRO-SHIKIMATE","M-HCOOH+H[1+]","0.000250165930012258"
"287.0643","5-PHOSPHO-RIBOSYL-GLYCINEAMIDE","M+H[1+]","0.00042155453002124"
"287.0643","5-P-RIBOSYL-N-FORMYLGLYCINEAMIDE","M-CO+H[1+]","0.000506932430027973"
"316.9951","C01346","M-C3H4O2+H[1+]","0.00164121032992171"
"237.0164","SHIKIMATE-5P","M-H2O+H[1+]","0.000569693330021437"
"268.1047","C00212","M+H[1+]","0.000669601529978081"
"268.1047","C00330","M+H[1+]","0.000669601529978081"
"268.1047","C01136","M+H2O+H[1+]","0.00110329392998665"
"370.0531","AMP","M+Na[1+]","0.000739193130016247"
"370.0531","N-ACETYL-D-GLUCOSAMINE-1-P","M+HCOONa[1+]","0.00215590553000311"
"370.0531","N-ACETYL-D-GLUCOSAMINE-6-P","M+HCOONa[1+]","0.00215590553000311"
"222.0977","C00212","M-HCOOH+H[1+]","0.000930398469989768"
"222.0977","C00330","M-HCOOH+H[1+]","0.000930398469989768"
"222.0977","C01136","M-CO+H[1+]","0.000296706070002983"
"226.9845","1-CHLORO-24-DINITROBENZENE","M+Na[1+]","0.00143916393000154"
"189.0526","CPD-8773","M+HCOONa[1+]","0.000408654330016134"
"189.0526","CPD-8774","M+HCOONa[1+]","0.000408654330016134"
"189.0526","C00601","M+HCOONa[1+]","0.000408654330016134"
"215.1395","C01909","M+H[1+]","0.000481078729990259"
"85.0286","PHOSPHO-ENOL-PYRUVATE","M-HCOOK+H[1+]","0.000249130129986952"
"85.0286","2-OXOBUTANOATE","M-H2O+H[1+]","0.000229474329998425"
"85.0286","SUCC-S-ALD","M-H2O+H[1+]","0.000229474329998425"
"97.0286","L-DELTA1-PYRROLINE_5-CARBOXYLATE","M-NH3+H[1+]","0.00014505913000562"
"97.0286","2-ACETO-LACTATE","M-H4O2+H[1+]","0.000264788029994634"
"97.0286","4-CARBOXYMETHYLENEBUT-2-EN-4-OLIDE","M-CO2+H[1+]","0.000164916430009043"
"97.0286","CPD-10608","M-CO2+H[1+]","0.000164916430009043"
"97.0286","CPD-10773","M-H4O2+H[1+]","0.000264788029994634"
"97.0286","CPD-10775","M-H4O2+H[1+]","0.000264788029994634"
"97.0286","DIHYDROKAEMPFEROL-CMPD","M+3H[3+]","0.000194160630002216"
"97.0286","DIHYDROXYPENTANEDIONE","M-H4O2+H[1+]","0.000264788029994634"
"200.0445","CPD-9699","M+NaCl[1+]","0.000355069270000286"
"279.0482","1-L-MYO-INOSITOL-1-P","M+H2O+H[1+]","0.000605007030003435"
"279.0482","ALPHA-GLC-6-P","M+H2O+H[1+]","0.000605007030003435"
"279.0482","CPD-448","M+H2O+H[1+]","0.000605007030003435"
"279.0482","D-HEXOSE-6-PHOSPHATE","M+H2O+H[1+]","0.000605007030003435"
"279.0482","D-MYO-INOSITOL-1-MONOPHOSPHATE","M+H2O+H[1+]","0.000605007030003435"
"279.0482","FRU1P","M+H2O+H[1+]","0.000605007030003435"
"279.0482","FRUCTOSE-6P","M+H2O+H[1+]","0.000605007030003435"
"279.0482","GALACTOSE-1P","M+H2O+H[1+]","0.000605007030003435"
"279.0482","GLC-1-P","M+H2O+H[1+]","0.000605007030003435"
"279.0482","GLC-6-P","M+H2O+H[1+]","0.000605007030003435"
"279.0482","MANNOSE-1P","M+H2O+H[1+]","0.000605007030003435"
"279.0482","MANNOSE-6P","M+H2O+H[1+]","0.000605007030003435"
"252.1085","CH33ADO","M+H[1+]","0.000615776370011645"
"252.1085","C00559","M+H[1+]","0.000615776370011645"
"252.1085","DIHYDRONEOPTERIN-P","M-HCOOK+H[1+]","0.000560806869998487"
"252.1085","NICOTINAMIDE_NUCLEOTIDE","M-HCOOK+H[1+]","0.00190347757001064"
"325.0439","PSEUDOURIDINE-5-P","M+H[1+]","0.000756996630002504"
"325.0439","UMP","M+H[1+]","0.000756996630002504"
"325.0439","OROTIDINE-5-PHOSPHATE","M-CO2+H[1+]","0.000727752430009332"
"204.0871","N-ACETYL-BETA-GLUCOSAMINYLAMINE","M-NH3+H[1+]","0.000401898729961658"
"204.0871","CPD-822","M-CO+H[1+]","0.000536378129964987"
"204.0871","N2-SUCCINYLGLUTAMATE","M-CO2+H[1+]","0.000421756029965081"
"204.0871","C01136","M-HCOOH+H[1+]","0.000496706070009623"
"97.0762","C00534","M-C3H4O2+H[1+]","0.000145893430016031"
"97.0762","L-ORNITHINE","M-H4O2+H[1+]","0.00024589343000514"
"221.0338","IMIDAZOLE-ACETOL-P","M+H[1+]","0.00161561343000471"
"221.0338","D-ERYTHRO-IMIDAZOLE-GLYCEROL-P","M-H2O+H[1+]","0.00165092713001513"
"385.1281","ADENOSYL-HOMO-CYS","M+H[1+]","0.00076494046999187"
"193.5702","ADENOSYL-HOMO-CYS","M(C13)+2H[2+]","0.000429296379991229"
"268.1031","C00212","M+H[1+]","0.00093039847001819"
"268.1031","C00330","M+H[1+]","0.00093039847001819"
"268.1031","C01136","M+H2O+H[1+]","0.000496706070009623"
"256.0821","CPD-8259","M[1+]","1.21871999567702e-05"
"188.0921","CPD-822","M-CO2+H[1+]","0.000336378129958348"
"188.0921","C00314","M+H2O+H[1+]","0.000330308629969522"
"298.0625","5-PHOSPHORIBOSYL-5-AMINOIMIDAZOLE","M(S34)+H[1+]","0.00248720353005183"
"298.0625","5-PHOSPHORIBOSYL-5-AMINOIMIDAZOLE","M(Cl37)+H[1+]","0.00108720353000535"
"343.1243","ALPHA-MALTOSE","M+H[1+]","0.000811983929963844"
"343.1243","MALTOSE","M+H[1+]","0.000811983929963844"
"343.1243","C00089","M+H[1+]","0.000811983929963844"
"343.1243","C01083","M+H[1+]","0.000811983929963844"
"173.0213","GLYCEROL-3P","M+H[1+]","0.000349001729972542"
"173.0213","2-DEOXY-D-GLUCOSE-6-PHOSPHATE","M-C3H4O2+H[1+]","0.000319629129990062"
"173.0213","2-DEOXYRIBOSE","M+K[1+]","0.000614723829983177"
"173.0213","BUTYRIC_ACID","M+HCOOK[1+]","0.000294032229987806"
"173.0213","CPD-10353","M+HCOOK[1+]","0.000294032229987806"
"173.0213","CPD-255","M+HCOOK[1+]","0.000294032229987806"
"173.0213","ERYTHROSE-4P","M-CO+H[1+]","0.000434379629979276"
"173.0213","ETHYLACETATE","M+HCOOK[1+]","0.000294032229987806"
"173.0213","PROPIONYL-P","M+H2O+H[1+]","0.000313688029962123"
"170.0657","C00242","M+H2O+H[1+]","0.00158627537001621"
"269.1079","C00212","M(C13)+H[1+]","0.000469601529971442"
"269.1079","C00330","M(C13)+H[1+]","0.000469601529971442"
"218.1027","N-ACETYL-D-GLUCOSAMINE-1-P","M-HCOOK+H[1+]","0.00045590553000352"
"218.1027","N-ACETYL-D-GLUCOSAMINE-6-P","M-HCOOK+H[1+]","0.00045590553000352"
"228.087","CPD-659","M+H[1+]","0.000351000229954934"
"167.0819","CPD-371","M+K[1+]","0.000991602470008957"
"167.0819","N-FORMYLKYNURENINE","M-C3H4O2+H[1+]","0.00036658502997966"
"98.9847","ACET","M+K[1+]","0.000794160630007923"
"98.9847","DIHYDROXY-ACETONE-PHOSPHATE","M-C3H4O2+H[1+]","0.000499065930000597"
"98.9847","GAP","M-C3H4O2+H[1+]","0.000499065930000597"
"98.9847","C00266","M+K[1+]","0.000794160630007923"
"227.0685","C00475","M-NH3+H[1+]","0.00220298983001044"
"233.1501","C01909","M+H2O+H[1+]","0.000481078729990259"
"233.1501","C00449","M-CO2+H[1+]","0.000487148229979084"
"144.0659","ACETYL-GLU","M-HCOOH+H[1+]","0.000301064430004772"
"144.0659","CPD-468","M-H2O+H[1+]","0.000415686530004677"
"144.0659","CPD-667","M-H2O+H[1+]","0.000415686530004677"
"144.0659","L-GLUTAMATE-5-P","M-HCOOK+H[1+]","0.000435342329978994"
"184.0881","CPD-369","M(C13)+H[1+]","0.00161464877001549"
"184.0881","C00794","M(C13)+H[1+]","0.00161464877001549"
"288.062","INDOLE-3-GLYCEROL-P","M+H[1+]","0.00115016396995316"
"288.062","DIHYDROKAEMPFEROL-CMPD","M[1+]","0.0013881177999906"
"138.0494","C00262","M(C13)+H[1+]","0.000212761929986982"
"385.13","ADENOSYL-HOMO-CYS","M+H[1+]","0.00113505952998594"
"148.0609","ACETYLSERINE","M+H[1+]","0.000465750730000991"
"148.0609","GLT","M+H[1+]","0.000465750730000991"
"148.0609","5-OXOPROLINE","M+H2O+H[1+]","0.000430437029990571"
"148.0609","C01118","M-C3H4O2+H[1+]","0.000436378129961668"
"148.0609","PYRROLINE-HYDROXY-CARBOXYLATE","M+H2O+H[1+]","0.000430437029990571"
"364.0659","GMP","M+H[1+]","0.000624571030016341"
"413.1234","FMN","M-CO2+H[1+]","0.00130872943003624"
"509.156","CPD-11521","M(C13)+2H[2+]","0.000604343129907647"
"509.156","C00353","M+NaCl[1+]","0.00350299706997248"
"147.0291","2-KETOGLUTARATE","M+H[1+]","0.000300230129994361"
"147.0291","CPD-1789","M+H[1+]","0.000300230129994361"
"147.0291","L-ERYTHRO-4-HYDROXY-GLUTAMATE","M-NH3+H[1+]","0.000251128629969344"
"147.0291","CIS-ACONITATE","M-CO+H[1+]","0.000385608030001094"
"147.0291","CIT","M-HCOOH+H[1+]","0.000220921730004875"
"147.0291","CPD-13907","M-HCOOH+H[1+]","0.000220921730004875"
"147.0291","CPD-13910","M-CO2+H[1+]","0.000270985930001189"
"147.0291","CPD-13913","M-HCOOH+H[1+]","0.000220921730004875"
"147.0291","CPD-13914","M-CO2+H[1+]","0.000270985930001189"
"147.0291","CPD-225","M-CO+H[1+]","0.000385608030001094"
"147.0291","CPD-334","M-HCOOH+H[1+]","0.000220921730004875"
"147.0291","L-DEHYDRO-ASCORBATE","M-CO+H[1+]","0.000385608030001094"
"147.0291","OXALO-SUCCINATE","M-CO2+H[1+]","0.000270985930001189"
"147.0291","THREO-DS-ISO-CITRATE","M-HCOOH+H[1+]","0.000220921730004875"
"489.1159","CDP-CHOLINE","M[1+]","0.000744249400042918"
"142.0324","P-NITROPHENOL","M(Cl37)+H[1+]","0.000980501230003483"
"170.0671","C00242","M+H2O+H[1+]","0.000186275369998157"
"175.1081","N-ALPHA-ACETYLORNITHINE","M+H[1+]","0.000381207130004668"
"175.1081","N-ACETYL-BETA-GLUCOSAMINYLAMINE","M-HCOOH+H[1+]","0.00030189872998676"
"143.0046","CPD-10660","M(S34)+H[1+]","0.00136895936998371"
"148.1084","L-CITRULLINE","M-CO+H[1+]","0.000432234029972278"
"151.0792","1-KETO-2-METHYLVALERATE","M(Cl37)+H[1+]","0.00116465962997836"
"151.0792","L-PANTOATE","M(Cl37)+H[1+]","0.00116465962997836"
"151.0792","MEVALONATE","M(Cl37)+H[1+]","0.00116465962997836"
"195.0365","C00178","M+HCOONa[1+]","0.00110391396998466"
"133.1054","ILE","M(C13)+H[1+]","9.48665299915774e-05"
"133.1054","LEU","M(C13)+H[1+]","9.48665299915774e-05"
"207.018","C00153","M+HCOOK[1+]","0.00141070813000965"
"132.9986","2-HYDROXY-3-KETO-5-METHYLTHIO-1-PHOSPHOP","M+H+Na[2+]","0.000374109619997398"
"132.9986","CPD-8999","M+H+Na[2+]","0.000374109619997398"
"171.017","ASN","M+K[1+]","0.000731399730000248"
"228.0636","4-P-PANTOTHENATE","M-C3H4O2+H[1+]","0.000420463430032214"
"228.0636","INDOLE_ACETALDEHYDE","M+HCOONa[1+]","0.00050961702999075"
"130.0654","CPD-7682","M(S34)+H[1+]","0.00100500506999879"
"130.0654","INDOLE_ACETATE_AUXIN","M-HCOOH+H[1+]","0.000194994930012626"
"130.0654","PHE","M-H4O2+H[1+]","0.00034493072999453"
"152.0571","C00242","M+H[1+]","0.000413724629993339"
"485.3597","CPD-12936","M(S34)+H[1+]","0.00175743453002042"
"485.3597","CPD-12936","M(Cl37)+H[1+]","0.000357434529973943"
"194.0331","HIS","M+K[1+]","0.000846984529971451"
"101.107","LYS","M-HCOOH+H[1+]","0.00040417076998267"
"147.0718","CPD-397","M-H2O+H[1+]","0.000599144429969556"
"218.0665","AMINO-OH-HYDROXYMETHYL-DIHYDROPTERIDINE","M+Na[1+]","0.00159897412999044"
"131.1182","N-ALPHA-ACETYLORNITHINE","M-CO2+H[1+]","0.000281207130001349"
"199.624","CPD-9001","M(C13)+2H[2+]","0.00117850703000499"
"297.1088","7-8-DIHYDROPTEROATE","M-H2O+H[1+]","0.000614813670040348"
"167.0931","1-KETO-2-METHYLVALERATE","M+H2O+H[1+]","0.00166465962996654"
"167.0931","L-PANTOATE","M+H2O+H[1+]","0.00166465962996654"
"167.0931","MEVALONATE","M+H2O+H[1+]","0.00166465962996654"
"119.0897","VAL","M(C13)+H[1+]","4.49307299987822e-05"
"251.0702","L-GAMMA-GLUTAMYLCYSTEINE","M+H[1+]","0.000581272929991883"
"263.088","O-ACETYLCARNITINE","M+NaCl[1+]","0.0014595381699678"
"263.088","C00299","M+H2O+H[1+]","0.000587405029989441"
"190.0715","ACETYL-GLU","M+H[1+]","0.000501064429982989"
"190.0715","C00579","M-H2O+H[1+]","0.000332019770013403"
"138.0552","ANTHRANILATE","M+H[1+]","0.00024505913000894"
"138.0552","P-AMINO-BENZOATE","M+H[1+]","0.00024505913000894"
"138.0552","CPD-375","M-CO+H[1+]","0.000330437030015673"
"138.0552","CPD-469","M-H4O2+H[1+]","0.000315686530001358"
"132.0199","AMINO-ACETONE","M+NaCl[1+]","0.0012596812300103"
"132.0199","CPD-6082","M+NaCl[1+]","0.0012596812300103"
"148.1164","LYS","M(C13)+H[1+]","0.000195829229994615"
"355.225","CPD-13524","M+HCOONa[1+]","0.000657948130026398"
"355.225","CPD-9002","M+K[1+]","0.000863889230004133"
"154.0502","3-HYDROXY-ANTHRANILATE","M+H[1+]","0.000330437029987252"
"154.0502","C11355","M-C3H4O2+H[1+]","0.00030106442997635"
"154.0502","ACETYL-GLU","M-H4O2+H[1+]","0.00040106442997967"
"119.0342","C00147","M-NH3+H[1+]","0.00107165326998881"
"119.0342","SUC","M+H[1+]","0.000314852230005158"
"119.0342","2-KETOGLUTARATE","M-CO+H[1+]","0.000400230130011892"
"119.0342","CPD-1789","M-CO+H[1+]","0.000400230130011892"
"119.0342","DEHYDROQUINATE","M-C3H4O2+H[1+]","0.000285479630008467"
"119.0342","C00262","M-H2O+H[1+]","0.00098723806999601"
"119.0342","L-THREONATE","M-H2O+H[1+]","0.000350165930001367"
"179.0483","CARBAMYUL-L-ASPARTATE","M(Cl37)+H[1+]","0.000502155530000437"
"179.0483","CYS-GLY","M+H[1+]","0.000189354469995351"
"179.0483","L-GAMMA-GLUTAMYLCYSTEINE","M-C3H4O2+H[1+]","0.000218727070006253"
"298.0976","5-METHYLTHIOADENOSINE","M+H[1+]","0.000763469429955421"
"72.081","C00134","M-NH3+H[1+]","0.000175137630009203"
"72.081","PRO","M-CO2+H[1+]","0.000194994930012626"
"72.081","VAL","M-HCOOH+H[1+]","0.000144930730016313"
"112.0508","C00380","M+H[1+]","0.00026173502999427"
"112.0508","CPD-9875","M+2H[2+]","0.00108093566998946"
"137.0462","HOMO-CYS","M(C13)+H[1+]","0.000124304929983055"
"137.0462","C00262","M+H[1+]","0.000412761929993621"
"137.0462","CPD-194","M-HCOOK+H[1+]","0.00087493927000537"
"224.9549","2-PG","M+K[1+]","0.000815556170010723"
"224.9549","G3P","M+K[1+]","0.000815556170010723"
"440.229","CPD-649","M+NaCl[1+]","0.00128637646997731"
"210.0766","C00579","M(S34)+H[1+]","0.00163201976999972"
"210.0766","C00931","M-NH3+H[1+]","0.000466585030011402"
"210.0766","CPD-659","M-H2O+H[1+]","0.000551000229989995"
"157.0803","HIS","M(C13)+H[1+]","0.000146984529976635"
"86.0966","CPD-30","M-CO2+H[1+]","0.000144930730002102"
"86.0966","ILE","M-HCOOH+H[1+]","9.48665300057883e-05"
"86.0966","LEU","M-HCOOH+H[1+]","9.48665300057883e-05"
"112.0758","CPD-30","M-H2O+H[1+]","0.000144930730002102"
"167.0899","PHE","M(C13)+H[1+]","0.000244930729991211"
"167.0899","1-KETO-2-METHYLVALERATE","M+H2O+H[1+]","0.00153534037002601"
"167.0899","4-GUANIDO-BUTYRAMIDE","M+Na[1+]","0.000487494870014871"
"167.0899","L-PANTOATE","M+H2O+H[1+]","0.00153534037002601"
"167.0899","MEVALONATE","M+H2O+H[1+]","0.00153534037002601"
"120.0658","HOMO-SER","M+H[1+]","0.000280372830005149"
"120.0658","THR","M+H[1+]","0.000280372830005149"
"120.0658","ACETYLSERINE","M-CO+H[1+]","0.000365750730011882"
"120.0658","GLT","M-CO+H[1+]","0.000365750730011882"
"120.0658","L-ERYTHRO-4-HYDROXY-GLUTAMATE","M-CO2+H[1+]","0.000251128629983555"
"176.1224","ARG","M(C13)+H[1+]","4.78188299837257e-05"
"132.1022","ILE","M+H[1+]","0.000294866529998217"
"132.1022","LEU","M+H[1+]","0.000294866529998217"
"330.0596","CAMP","M+H[1+]","0.000196120569967206"
"330.0596","AMP","M-H2O+H[1+]","0.000160806869985208"
"521.3227","CPD-12936","M+K[1+]","0.0050574345300447"
"104.053","MET","M-HCOOH+H[1+]","7.42407300009518e-05"
"136.0755","C00463","M+H2O+H[1+]","0.000225696670014486"
"136.0755","TYR","M-HCOOH+H[1+]","0.000269691369993552"
"299.1009","5-METHYLTHIOADENOSINE","M(C13)+H[1+]","0.000663469429980523"
"299.1009","C01909","M+HCOOK[1+]","0.000581078730022"
"76.0396","ACETYLSERINE","M-C3H4O2+H[1+]","0.000265750730008563"
"76.0396","GLT","M-C3H4O2+H[1+]","0.000265750730008563"
"76.0396","GLY","M+H[1+]","0.000295123330005254"
"156.0771","HIS","M+H[1+]","0.000346984529983274"
"156.0771","C00881","M-C3H4O2+H[1+]","0.000317611930000794"
"244.0935","C00475","M+H[1+]","0.000702989830017486"
"211.0948","CPD-12215","M+H2O+H[1+]","0.00172071827000764"
"157.0611","C00526","M-C3H4O2+H[1+]","0.000302027129976068"
"157.0611","L-ARGININO-SUCCINATE","M+H+Na[2+]","0.00150636762998602"
"380.113","S-LACTOYL-GLUTATHIONE","M+H[1+]","0.000788176729997758"
"110.0715","CPD-592","M-H4O2+H[1+]","0.00029692032998696"
"110.0715","CPD-9758","M+H+Na[2+]","5.85901300098612e-05"
"110.0715","HIS","M-HCOOH+H[1+]","0.000146984530005057"
"210.0959","CPD-14736","M(C13)+H[1+]","0.000431271330000982"
"146.0273","C05382","M+2H[2+]","0.000118073020018983"
"146.0815","C01475","M+H[1+]","0.000330308629997944"
"146.0815","CPD-35","M+H[1+]","0.000330308629997944"
"146.0815","5-P-BETA-D-RIBOSYL-AMINE","M-HCOOK+H[1+]","0.00038527812998268"
"146.0815","ACETYL-GLU","M-CO2+H[1+]","0.000301064430004772"
"146.0815","CPD-469","M-CO+H[1+]","0.000415686530004677"
"146.0815","CPD-7682","M+H2O+H[1+]","0.000294994929987524"
"176.0557","ALLANTOATE","M[1+]","0.00114523400000621"
"176.0557","N2-SUCCINYLGLUTAMATE","M-C3H4O2+H[1+]","0.000321756029961762"
"225.0709","C02291","M(S34)+H[1+]","0.00039589502998183"
"225.0709","C02291","M(Cl37)+H[1+]","0.0010041049700078"
"262.1038","C00475","M+H2O+H[1+]","0.000402989829979106"
"331.1659","COPROPORPHYRINOGEN_I","M+2H[2+]","0.000666328230011004"
"331.1659","COPROPORPHYRINOGEN_III","M+2H[2+]","0.000666328230011004"
"326.0574","CMP","M(S34)+H[1+]","0.00247258143002682"
"326.0574","CMP","M(Cl37)+H[1+]","0.00107258142998035"
"116.9951","METOH","M+HCOOK[1+]","0.000308782730002122"
"535.4345","C05802","M(S34)+H[1+]","0.00339249142984954"
"535.4345","C05802","M(Cl37)+H[1+]","0.00199249142985991"
"346.0386","CMP","M+Na[1+]","0.00252741857002547"
"467.3506","4-METHYL-824-CHOLESTADIENOL","M+HCOONa[1+]","0.0010574345300256"
"467.3506","C15777","M+HCOONa[1+]","0.0010574345300256"
"467.3506","C04525","M+HCOONa[1+]","0.0010574345300256"
"220.9974","CPD-12677","M-CO+H[1+]","0.000143362469998465"
"261.1087","CPD-13711","M+Na[1+]","0.00108553297002345"
"261.1087","C00214","M+H2O+H[1+]","0.000551962929989713"
"238.9704","DPG","M-CO+H[1+]","0.00114596456998584"
"238.9704","ERYTHROSE-4P","M+K[1+]","0.000965620370010356"
"238.9704","PROPIONYL-P","M+HCOOK[1+]","0.00128631197000573"
"308.0917","C00051","M+H[1+]","0.000617549330002021"
"308.0917","CPD-10267","M+3H[3+]","0.000765678063316955"
"308.0917","CPD-548","M-CO+H[1+]","0.000702927230008754"
"308.0917","S-LACTOYL-GLUTATHIONE","M-C3H4O2+H[1+]","0.000588176729991119"
"136.043","CPD-1091","M(C13)+H[1+]","0.000433158170011438"
"136.043","HOMO-CYS","M+H[1+]","0.000324304929989694"
"136.043","L-ASPARTATE","M(Cl37)+H[1+]","0.0010158149300139"
"217.0136","CPD-479","M+HCOONa[1+]","0.000491279870004746"
"281.0711","5-METHYLTHIOADENOSINE","M-NH3+H[1+]","0.000763469429955421"
"335.0644","DIHYDRONEOPTERIN-P","M[1+]","0.00131565990000126"
"335.0644","NICOTINAMIDE_NUCLEOTIDE","M[1+]","2.70108000108849e-05"
"123.0555","HISTIDINAL","M-NH3+H[1+]","0.000161606629987432"
"123.0555","HMP","M-NH3+H[1+]","0.000161606629987432"
"123.0555","C00153","M+H[1+]","0.000210708130012449"
"152.0544","MET","M(S34)+H[1+]","0.000274240729964959"
"152.0544","MET","M(Cl37)+H[1+]","0.00112575927002467"
"152.0544","L-ASPARTATE","M+H2O+H[1+]","0.000984185070024068"
"124.0589","C00153","M(C13)+H[1+]","0.000210708130012449"
"132.0805","INDOLE_ACETALDEHYDE","M-CO+H[1+]","0.000190382970004066"
"132.0805","INDOLE_ACETATE_AUXIN","M-CO2+H[1+]","0.000305005070003972"
"221.0927","N-FORMYLKYNURENINE","M-H2O+H[1+]","0.000666585030018041"
"188.1159","DIHYDRO-NEO-PTERIN","M-HCOONa+H[1+]","0.000730398470011551"
"155.0818","D-ERYTHRO-IMIDAZOLE-GLYCEROL-P","M-HCOOK+H[1+]","0.000350927129971979"
"155.0818","C00931","M-C3H4O2+H[1+]","0.000266585029976341"
"133.0975","L-ORNITHINE","M+H[1+]","0.000345893429994248"
"108.0658","C00147","M-CO+H[1+]","0.000971653269985495"
"108.0658","B-ALANINE","M+H2O+H[1+]","0.00024505913000894"
"108.0658","L-ALPHA-ALANINE","M+H2O+H[1+]","0.00024505913000894"
"81.0336","2-KETO-ISOVALERATE","M-H4O2+H[1+]","0.000179410130002111"
"225.1236","CANAVANINOSUCCINATE","M-HCOONa+H[1+]","0.00182464413001071"
"225.1236","CPD-9700","M-HCOOH+H[1+]","0.000151834530015549"
"309.0946","C00051","M(C13)+H[1+]","0.000117549330013844"
"309.0946","LEUCOPELARGONIDIN-CMPD","M+H2O+H[1+]","0.00231464876998189"
"309.0946","PROTOHEME","M+2H[2+]","0.00132528496999385"
"225.0876","3-HYDROXY-L-KYNURENINE","M+H[1+]","0.000616649230011035"
"225.0876","C00365","M-HCOOK+H[1+]","0.000671618729995771"
"225.0876","C00214","M-H2O+H[1+]","0.000651962930021455"
"221.0926","N-FORMYLKYNURENINE","M-H2O+H[1+]","0.000566585030014721"
"266.9655","DPG","M+H[1+]","0.00104596456998252"
"385.0926","FMN","M-C3H4O2+H[1+]","0.00180872943002441"
"129.0339","COUMARATE","M-H4O2+H[1+]","0.000479410129969438"
"129.0339","C02763","M-H4O2+H[1+]","0.000479410129969438"
"129.0339","PHENYL-PYRUVATE","M-H4O2+H[1+]","0.000479410129969438"
"114.0381","C00106","M(C13)+H[1+]","0.000146150230008857"
"114.0381","MET","M-H4O2+H[1+]","0.000974240729988196"
"84.9689","FORMATE","M+K[1+]","0.000644224830011808"
"101.0711","GLN","M-HCOOH+H[1+]","8.13355300266494e-05"
"318.0613","DIAMINO-OH-PHOSPHORIBOSYLAMINO-PYR","M-H4O2+H[1+]","0.00157450683008165"
"318.0613","DIHYDRONEOPTERIN-P","M-H2O+H[1+]","0.0015391931300428"
"318.0613","GMP","M-HCOOH+H[1+]","0.0014245710300429"
"318.0613","NICOTINAMIDE_NUCLEOTIDE","M-H2O+H[1+]","0.000196522430030655"
"204.1235","O-ACETYLCARNITINE","M[1+]","8.30713999846466e-05"
"204.1235","C00315","M+NaCl[1+]","0.000274092269989978"
"205.0735","PYRIDOXAMINE-5P","M-CO2+H[1+]","0.000184514970044347"
"113.0348","CPD-548","M(C13)+3H[3+]","0.000216664563339464"
"113.0348","C00106","M+H[1+]","0.000246150230012177"
"113.0348","DI-H-OROTATE","M-HCOOH+H[1+]","0.000166841830036901"
"113.0348","OROTATE","M-CO2+H[1+]","0.000216906030004793"
"245.0774","C00299","M+H[1+]","0.000587405029989441"
"245.0774","CPD-9875","M+Na[1+]","0.0010854045699773"
"120.0805","PHE","M-HCOOH+H[1+]","0.000355069269986075"
"134.0814","CPD-468","M-CO+H[1+]","0.000315686530001358"
"134.0814","CPD-667","M-CO+H[1+]","0.000315686530001358"
"134.0814","PRO","M+H2O+H[1+]","0.000194994929984205"
"160.0761","INDOLE_ACETALDEHYDE","M+H[1+]","0.00040961702998743"
"160.0761","INDOLE_PYRUVATE","M-CO2+H[1+]","0.000380372829994258"
"379.1655","CPD-14277","M(C13)+3H[3+]","0.00216050442992355"
"435.3242","CPD-4580","M+Na[1+]","0.000792876630043793"
"74.0602","C01475","M-C3H4O2+H[1+]","0.000130308630005516"
"74.0602","AMINO-ACETONE","M+H[1+]","0.000159681230002207"
"74.0602","CPD-35","M-C3H4O2+H[1+]","0.000130308630005516"
"74.0602","CPD-6082","M+H[1+]","0.000159681230002207"
"74.0602","AMINO-OXOBUT","M-CO2+H[1+]","0.000130437030009034"
"74.0602","HOMO-SER","M-HCOOH+H[1+]","8.03728300127204e-05"
"74.0602","C00441","M-CO2+H[1+]","0.000130437030009034"
"74.0602","LYS","M+2H[2+]","0.000159681230002207"
"74.0602","THR","M-HCOOH+H[1+]","8.03728300127204e-05"
"118.0653","C00463","M+H[1+]","0.000174303329998793"
"118.0653","PRO","M(S34)+H[1+]","0.00110500507000211"
"206.1867","44-DIMETHYL-CHOLESTA-812-24-TRIENOL","M+2H[2+]","0.00199048388000733"
"206.1867","ALPHA-METHYL-5-ALPHA-ERGOSTA","M+2H[2+]","0.00199048388000733"
"174.0765","CPD-469","M+H[1+]","0.000415686530004677"
"174.0765","C01118","M-HCOOH+H[1+]","0.00033637812998677"
"399.1451","C00019","M[1+]","3.64300000228468e-05"
"161.1072","TRP","M-CO2+H[1+]","0.000154106569993928"
"280.1008","CPD-11444","M(C13)+3H[3+]","0.0007130709632861"
"280.1008","UROPORPHYRINOGEN-III","M(C13)+3H[3+]","0.0007130709632861"
"143.1177","C01909","M-C3H4O2+H[1+]","0.000218921270004557"
"485.3598","CPD-12936","M(S34)+H[1+]","0.00185743453005216"
"485.3598","CPD-12936","M(Cl37)+H[1+]","0.000457434530005685"
"253.0938","C05512","M+H[1+]","0.000668638830006785"
"253.0938","C01909","M+K[1+]","0.000718921270021156"
"253.0938","C01835","M+2H[2+]","0.00200604282997574"
"253.0938","NICOTINATE_NUCLEOTIDE","M-HCOOK+H[1+]","0.000619062369992207"
"186.0725","VAL","M+HCOONa[1+]","0.00115506926999842"
"152.057","C00242","M+H[1+]","0.00031372462999002"
"152.057","MET","M(Cl37)+H[1+]","0.00147424072997637"
"225.087","3-HYDROXY-L-KYNURENINE","M+H[1+]","1.6649229991117e-05"
"225.087","C00365","M-HCOOK+H[1+]","7.16187299758531e-05"
"225.087","C00214","M-H2O+H[1+]","5.19629300015367e-05"
"74.0238","3-OH-BENZYL-ALCOHOL","M+H+Na[2+]","0.000691217269988442"
"130.0978","L-CITRULLINE","M-HCOOH+H[1+]","0.000232234029994061"
"122.0714","HISTIDINAL","M-H2O+H[1+]","0.000161606629987432"
"122.0714","HMP","M-H2O+H[1+]","0.000161606629987432"
"247.1023","CANAVANINOSUCCINATE","M-HCOOH+H[1+]","0.00147535586995673"
"88.0395","C00740","M-H2O+H[1+]","0.000230437030012354"
"88.0395","L-ASPARTATE","M-HCOOH+H[1+]","0.000115814930026659"
"88.0395","SER","M-H2O+H[1+]","0.000230437030012354"
"241.0104","C02739","M(C13)+3H[3+]","0.000612096396679362"
"241.0104","CPD-2961","M-H4O2+H[1+]","0.000309615069994607"
"241.0104","D-6-P-GLUCONO-DELTA-LACTONE","M-H2O+H[1+]","0.000344928770005026"
"241.0104","GLYCEROL-3P","M+HCOONa[1+]","0.00204900172997213"
"178.0714","AMINO-OH-HYDROXYMETHYL-DIHYDROPTERIDINE","M-H2O+H[1+]","0.000901025869978866"
"178.0714","C01136","M-C3H4O2+H[1+]","0.000496706069981201"
"606.0861","GDP-MANNOSE","M+H[1+]","0.0016707311300479"
"179.023","CPD-8773","M+NaCl[1+]","0.000391345670010423"
"179.023","CPD-8774","M+NaCl[1+]","0.000391345670010423"
"179.023","C00601","M+NaCl[1+]","0.000391345670010423"
"307.0839","T2-C4-DECADIENYL-COA","M(C13)+3H[3+]","0.00233238752997522"
"307.0839","DIHYDROKAEMPFEROL-CMPD","M+H2O+H[1+]","0.00263541543000656"
"307.0839","C00051","M[1+]","9.40161000357875e-05"
"307.0839","OXIDIZED-GLUTATHIONE","M+2H[2+]","0.00064258143004281"
"72.0811","C00134","M-NH3+H[1+]","0.000275137630012523"
"72.0811","PRO","M-CO2+H[1+]","0.000294994930015946"
"72.0811","VAL","M-HCOOH+H[1+]","0.000244930730019632"
"355.146","FARNESYL-PP","M-CO+H[1+]","0.00269725972998458"
"280.1033","GMP","M-HCOOK+H[1+]","0.000675428969998393"
"204.1237","O-ACETYLCARNITINE","M[1+]","0.000116928600021993"
"204.1237","C00315","M+NaCl[1+]","7.40922699833391e-05"
"149.0641","ACETYLSERINE","M(C13)+H[1+]","0.000265750729994352"
"149.0641","GLT","M(C13)+H[1+]","0.000265750729994352"
"437.3399","CPD-4579","M+Na[1+]","0.000842812429993955"
"147.1131","LYS","M+H[1+]","0.000295829229997935"
"147.1131","N-ALPHA-ACETYLORNITHINE","M-CO+H[1+]","0.000381207130004668"
"272.0211","CPD-13717","M(C13)+H[1+]","0.001455214970008"
"272.0211","AMINO-HYDROXYMETHYL-METHYLPYRIMIDINE-PP","M-CO+H[1+]","0.00160078982997902"
"219.098","CPD-1002","M+HCOONa[1+]","0.00114153826996244"
"190.1271","C01092","M(Cl37)+H[1+]","0.00178011603000527"
"395.3318","57222428-ERGOSTATETRAENOL","M+H[1+]","0.000957562930011591"
"395.3318","CPD-4580","M-H2O+H[1+]","0.000992876629993589"
"162.0765","CPD-468","M+H[1+]","0.000415686530004677"
"162.0765","CPD-667","M+H[1+]","0.000415686530004677"
"162.0765","ACETYL-GLU","M-CO+H[1+]","0.000501064430011411"
"162.0765","C00579","M-HCOOH+H[1+]","0.000532019769991621"
"177.0511","CARBAMYUL-L-ASPARTATE","M+H[1+]","0.000502155529972015"
"177.0511","BENZYL-ALCOHOL","M+HCOONa[1+]","0.00109134567000524"
"177.0511","DI-H-OROTATE","M+H2O+H[1+]","0.000466841829990017"
"197.1014","ARG","M+Na[1+]","0.000447818829997004"
"149.0448","CPD-356","M+H[1+]","0.000350165930001367"
"149.0448","5-DEHYDROGLUCONATE","M-HCOOH+H[1+]","0.000270857530011881"
"149.0448","ASCORBATE","M-CO+H[1+]","0.0004355438300081"
"149.0448","CIT","M-CO2+H[1+]","0.000320921730008195"
"149.0448","CPD-13907","M-CO2+H[1+]","0.000320921730008195"
"149.0448","CPD-13913","M-CO2+H[1+]","0.000320921730008195"
"149.0448","CPD-334","M-CO2+H[1+]","0.000320921730008195"
"149.0448","THREO-DS-ISO-CITRATE","M-CO2+H[1+]","0.000320921730008195"
"230.0429","5-P-BETA-D-RIBOSYL-AMINE","M+H[1+]","0.000485278129986"
"230.0429","C01475","M+HCOOK[1+]","0.000430308630001264"
"230.0429","CPD-35","M+HCOOK[1+]","0.000430308630001264"
"230.0429","CPD-476","M+Na[1+]","0.000465750730000991"
"230.0429","N-ACETYL-D-GLUCOSAMINE-1-P","M-C3H4O2+H[1+]","0.00045590553000352"
"230.0429","N-ACETYL-D-GLUCOSAMINE-6-P","M-C3H4O2+H[1+]","0.00045590553000352"
"163.0793","CPD-468","M(C13)+H[1+]","0.00018431347001524"
"163.0793","CPD-667","M(C13)+H[1+]","0.00018431347001524"
"118.1712","C00315","M-CO+H[1+]","0.00102590773001054"
"133.0612","ASN","M+H[1+]","0.000431399730018711"
"133.0612","CARBAMYUL-L-ASPARTATE","M-CO2+H[1+]","0.000402155529997117"
"135.0483","L-ASPARTATE","M(C13)+H[1+]","0.000115814930012448"
"135.0483","CPD-85","M-CO+H[1+]","0.000958655929991892"
"135.0483","C00294","M+2H[2+]","0.000638774980018297"
"307.9913","N-ACETYL-GLUTAMYL-P","M+K[1+]","0.00152934396999171"
"465.3349","572428-ERGOSTATRIENOL","M+HCOONa[1+]","0.0010074987300186"
"465.3349","CPD-4577","M+Na[1+]","0.000928190330057532"
"465.3349","CPD-4578","M+HCOONa[1+]","0.0010074987300186"
"465.3349","C01694","M+HCOONa[1+]","0.0010074987300186"
"113","CPD-358","M+K[1+]","0.00044409643000165"
"113","DIHYDROXY-BUTANONE-P","M-C3H4O2+H[1+]","0.000149001729994325"
"113","ETHYLENE-CMPD","M+HCOOK[1+]","0.00012340483000628"
"113","LACTALD","M+K[1+]","0.00044409643000165"
"113","PROPIONATE","M+K[1+]","0.00044409643000165"
"113","CPD-12673","M-C3H4O2+H[1+]","2.75761699981558e-05"
"148.0799","GLN","M(C13)+H[1+]","8.13355300124385e-05"
"310.0873","C00051","M(S34)+H[1+]","0.000417549330052225"
"310.0873","C00051","M(Cl37)+H[1+]","0.00098245066999425"
"214.0786","CPD-592","M+HCOONa[1+]","0.00120307967000599"
"116.0709","L-ORNITHINE","M-NH3+H[1+]","0.00024589343000514"
"116.0709","PRO","M+H[1+]","0.000294994930001735"
"116.0709","CPD-468","M-HCOOH+H[1+]","0.000215686530012249"
"116.0709","CPD-667","M-HCOOH+H[1+]","0.000215686530012249"
"116.0709","O-PHOSPHO-L-HOMOSERINE","M-HCOOK+H[1+]","0.000349964429986471"
"132.0013","CPD-479","M-NH3+H[1+]","0.0011087201299631"
"187.1082","C00534","M+H2O+H[1+]","0.000445893429997568"
"103.1227","LYS","M-CO2+H[1+]","0.000304170769993561"
"159.0915","TRP","M-HCOOH+H[1+]","0.000254106569997248"
"118.0502","AMINO-OXOBUT","M+H[1+]","0.000330437030015673"
"118.0502","C00441","M+H[1+]","0.000330437030015673"
"118.0502","C08270","M-NH3+H[1+]","0.000281335530019078"
"118.0502","ACETYL-GLU","M-C3H4O2+H[1+]","0.000301064430018982"
"118.0502","C00147","M-H2O+H[1+]","0.000971653269985495"
"118.0502","L-ERYTHRO-4-HYDROXY-GLUTAMATE","M-HCOOH+H[1+]","0.000251128629997766"
"335.0646","DIHYDRONEOPTERIN-P","M[1+]","0.0015156599000079"
"335.0646","NICOTINAMIDE_NUCLEOTIDE","M[1+]","0.000172989199995754"
"117.0741","PRO","M(C13)+H[1+]","9.49949300093067e-05"
"207.0756","3-HYDROXY-L-KYNURENINE","M-H2O+H[1+]","0.000783350769978597"
"207.0756","C00579","M[1+]","0.000444447000006676"
"207.0756","C00214","M-H4O2+H[1+]","0.000748037069996599"
"444.0327","GDP","M+H[1+]","0.0010941626299541"
"118.0013","MAL","M-NH3+H[1+]","0.000999769869991951"
"304.0457","GDP-MANNOSE","M(C13)+2H[2+]","0.00185286781999139"
"304.0457","C01118","M+HCOOK[1+]","0.0028363781299845"
"151.0619","MET","M(C13)+H[1+]","0.000174240729990061"
"218.1028","N-ACETYL-D-GLUCOSAMINE-1-P","M-HCOOK+H[1+]","0.000555905530006839"
"218.1028","N-ACETYL-D-GLUCOSAMINE-6-P","M-HCOOK+H[1+]","0.000555905530006839"
"137.0653","C00147","M(C13)+H[1+]","0.000128346730008388"
"198.0878","C00475","M-HCOOH+H[1+]","0.000402989830007527"
"199.0581","2-D-THREO-HYDROXY-3-CARBOXY-ISOCAPROATE","M+Na[1+]","0.000350037529983638"
"199.0581","2-KETO-3-METHYL-VALERATE","M+HCOONa[1+]","0.000429345929973124"
"199.0581","2K-4CH3-PENTANOATE","M+HCOONa[1+]","0.000429345929973124"
"199.0581","3-CARBOXY-3-HYDROXY-ISOCAPROATE","M+Na[1+]","0.000350037529983638"
"199.0581","C00251","M-CO+H[1+]","0.0019145203699793"
"199.0581","C00254","M-CO+H[1+]","0.0019145203699793"
"204.0894","C01136","M-HCOOH+H[1+]","0.00180329393000989"
"204.0894","TRP","M[1+]","0.000477639799981944"
"265.1121","CANAVANINOSUCCINATE","M-CO+H[1+]","0.00207535586997665"
"265.1121","C00378","M[1+]","0.000206878600010896"
"299.122","C00449","M+Na[1+]","0.000587148229953982"
"243.0883","O-ACETYLCARNITINE","M+K[1+]","0.00194046183000296"
"199.1082","CPD-9700","M-C3H4O2+H[1+]","0.000451834529997086"
"199.1082","C00931","M-CO+H[1+]","0.000566585030014721"
"199.1082","C00214","M-CO2+H[1+]","0.000451962930014815"
"277.0461","CPD-12215","M+HCOOK[1+]","0.00112071826993088"
"113.0343","CPD-548","M(C13)+3H[3+]","0.000283335436662924"
"113.0343","C00106","M+H[1+]","0.000253849769990211"
"113.0343","DI-H-OROTATE","M-HCOOH+H[1+]","0.000333158169965486"
"113.0343","OROTATE","M-CO2+H[1+]","0.000283093969997594"
"150.0581","ACETYLSERINE","M(Cl37)+H[1+]","0.000465750730000991"
"150.0581","GLT","M(Cl37)+H[1+]","0.000465750730000991"
"150.0581","MET","M+H[1+]","0.000225759270023218"
"285.016","C00251","M+NaCl[1+]","0.00238547963004976"
"285.016","C00254","M+NaCl[1+]","0.00238547963004976"
"542.07","ADENOSINE_DIPHOSPHATE_RIBOSE","M-H2O+H[1+]","0.00165003953009091"
"542.07","PHOSPHORIBOSYL-AMP","M-H2O+H[1+]","0.00165003953009091"
"542.07","PHOSPHORIBOSYL-FORMIMINO-AICAR-P","M-H4O2+H[1+]","0.00168535323007291"
"542.07","PHOSPHORIBULOSYL-FORMIMINO-AICAR-P","M-H4O2+H[1+]","0.00168535323007291"
"252.1236","CPD-548","M-HCOOK+H[1+]","0.00109707276999416"
"292.1034","CANAVANINOSUCCINATE","M[1+]","0.00150111090005112"
"255.0981","CPD-9329","M+HCOOK[1+]","0.00115628877000518"
"255.0981","DIHYDRO-NEO-PTERIN","M[1+]","0.00134606829999484"
"255.0981","NICOTINAMIDE_RIBOSE","M[1+]","3.39759998269074e-06"
"558.7321","CPD-14269","M+2H[2+]","0.0023886668201385"
"558.7321","CPD-14282","M+2H[2+]","0.0023886668201385"
"309.1387","L-ARGININO-SUCCINATE","M+H2O+H[1+]","0.00181079797005168"
"225.1239","CANAVANINOSUCCINATE","M-HCOONa+H[1+]","0.00212464412999225"
"225.1239","CPD-9700","M-HCOOH+H[1+]","0.000451834529997086"
"209.092","CPD-14736","M+H[1+]","6.87286699871947e-05"
"209.092","CPD-9329","M+K[1+]","0.00145628876998671"
"209.092","C00931","M-H2O+H[1+]","3.3414969976775e-05"
"252.1235","CPD-548","M-HCOOK+H[1+]","0.00119707276999748"
"132.0658","C01015","M+H[1+]","0.000280372829990938"
"132.0658","5-AMINO-LEVULINATE","M+H[1+]","0.000280372829990938"
"132.0658","L-GLUTAMATE_GAMMA-SEMIALDEHYDE","M+H[1+]","0.000280372829990938"
"132.0658","4-PHOSPHONOOXY-THREONINE","M-HCOOK+H[1+]","0.000335342329975674"
"132.0658","L-DELTA1-PYRROLINE_5-CARBOXYLATE","M+H2O+H[1+]","0.000245059129980518"
"318.301","PHYTOSPINGOSINE","M+H[1+]","0.000729409830000805"
"318.301","DEHYDROSPHINGANINE","M+H2O+H[1+]","0.000694096129961963"
"318.301","C00319","M+H2O+H[1+]","0.000694096129961963"
"345.0788","THIAMINE-P","M[1+]","0.000162713000008807"
"268.1185","C00378","M(Cl37)+H[1+]","0.00171665462994497"
"213.0754","ARG","M+K[1+]","0.000947818829985181"
"213.0754","FERULIC-ACID","M+H2O+H[1+]","0.000385276169993176"
"297.0368","3-ENOLPYRUVYL-SHIKIMATE-5P","M-CO+H[1+]","0.000109615069959546"
"297.0368","CPD-499","M+HCOONa[1+]","0.00223425122999288"
"435.2879","CPD-13689","M+Na[1+]","0.000878382930011412"
"441.1013","CPD-14767","M+H2O+H[1+]","0.00088157553000201"
"441.1013","FARNESYL-PP","M+NaCl[1+]","0.00439725972995575"
"441.1013","SUCROSE-6P","M+H2O+H[1+]","0.00088157553000201"
"441.1013","TREHALOSE-6P","M+H2O+H[1+]","0.00088157553000201"
"317.1155","7-8-DIHYDROPTEROATE","M(S34)+H[1+]","0.000314813670001968"
"317.1155","7-8-DIHYDROPTEROATE","M(Cl37)+H[1+]","0.00171481367004844"
"193.1188","CPD-9329","M+Na[1+]","0.00115628877000518"
"193.1188","N-ACETYL-BETA-GLUCOSAMINYLAMINE","M-CO+H[1+]","0.000601898729968298"
"193.1188","N-ALPHA-ACETYLORNITHINE","M+H2O+H[1+]","0.000481207129979566"
"284.0996","C00387","M+H[1+]","0.000654979430009917"
"275.0385","HOMO-CIT","M+HCOONa[1+]","0.00117085752998491"
"275.0385","HOMO-I-CIT","M+HCOONa[1+]","0.00117085752998491"
"207.051","HOMO-CIT","M+H[1+]","0.00107085752998159"
"207.051","HOMO-I-CIT","M+H[1+]","0.00107085752998159"
"207.051","HOMO-CIS-ACONITATE","M+H2O+H[1+]","0.00103554382997118"
"207.051","MONOMETHYL-ESTER-OF-TRANS-ACONITATE","M+H2O+H[1+]","0.00103554382997118"
"207.051","C00534","M+K[1+]","0.0016541065700153"
"147.0769","GLN","M+H[1+]","0.000481335529997295"
"352.1181","S-LACTOYL-GLUTATHIONE","M-CO+H[1+]","0.0008881767300295"
"278.1431","C00449","M(C13)+H[1+]","0.000287148229972445"
"196.9615","PPI","M+H2O+H[1+]","0.000398030129986182"
"136.0621","C00147","M+H[1+]","0.000328346729986606"
"136.0621","C00579","M-C3H4O2+H[1+]","0.00076798022996627"
"418.1651","C00019","M+H2O+H[1+]","0.00215996322998535"
"382.0211","APS","M-HCOOH+H[1+]","0.000675363169989396"
"382.0211","CMP","M+NaCl[1+]","0.00337258143002828"
"252.0732","L-GAMMA-GLUTAMYLCYSTEINE","M(C13)+H[1+]","0.000181272930007026"
"252.0732","5-PHOSPHORIBOSYL-5-AMINOIMIDAZOLE","M-CO2+H[1+]","0.00121279646995731"
"162.0917","CPD-341","M+H[1+]","0.000359552829991117"
"141.0661","C00153","M+H2O+H[1+]","0.000210708129998238"
"288.9638","1-CHLORO-24-DINITROBENZENE","M+HCOOK[1+]","0.00143916393000154"
"277.14","C00449","M+H[1+]","0.000587148229953982"
"206.1028","CH33ADO","M-HCOOH+H[1+]","0.000915776369993182"
"206.1028","C00559","M-HCOOH+H[1+]","0.000915776369993182"
"206.1028","C01136","M-CO2+H[1+]","0.000396706070006303"
"191.0319","3-OH-BENZALDEHYDE","M+HCOONa[1+]","0.000444096430015861"
"191.0319","GLYCEROL-3P","M+H2O+H[1+]","0.000349001729972542"
"191.0319","XYLITOL","M+K[1+]","0.000650037529993597"
"179.0488","CARBAMYUL-L-ASPARTATE","M(Cl37)+H[1+]","0.00100215552998861"
"179.0488","CYS-GLY","M+H[1+]","0.000310645529992826"
"179.0488","L-GAMMA-GLUTAMYLCYSTEINE","M-C3H4O2+H[1+]","0.000281272929981924"
"174.039","C00740","M+HCOONa[1+]","0.00173043703000531"
"174.039","C00242","M+Na[1+]","0.00031372462999002"
"174.039","SER","M+HCOONa[1+]","0.00173043703000531"
"613.1611","OXIDIZED-GLUTATHIONE","M+H[1+]","0.00186162963007064"
"181.0431","CYS-GLY","M(S34)+H[1+]","0.00118935447000013"
"437.3609","CPD-12936","M-HCOOH+H[1+]","0.00415743453004325"
"428.0377","3-5-ADP","M+H[1+]","0.00100878472994737"
"428.0377","C00008","M+H[1+]","0.00100878472994737"
"428.0377","C00361","M+H[1+]","0.00100878472994737"
"263.0598","C00016","M(C13)+3H[3+]","0.00092128596998009"
"239.1032","N-FORMYLKYNURENINE","M+H[1+]","0.0005665850299863"
"239.1032","C09871","M+HCOOK[1+]","0.00114166667000859"
"239.1032","TMP","M-HCOOK+H[1+]","0.000621554529999457"
"272.1369","CPD-10809","M-HCOOK+H[1+]","0.00162444263003181"
"338.1023","S-HYDROXYMETHYLGLUTATHIONE","M+H[1+]","0.000652863029984019"
"438.0677","S-LACTOYL-GLUTATHIONE","M+NaCl[1+]","0.0031118232699896"
"216.0637","ILE","M+HCOOK[1+]","0.000494866530004856"
"216.0637","LEU","M+HCOOK[1+]","0.000494866530004856"
"608.0908","G10610","M+H[1+]","0.00195405522993042"
"453.3346","ZYMOSTEROL","M+HCOONa[1+]","0.000707498730037059"
"206.1004","TRP","M(C13)+H[1+]","0.000154106569993928"
"185.0926","C00526","M-CO2+H[1+]","0.000502027129982707"
"185.0926","N-ACETYL-BETA-GLUCOSAMINYLAMINE","M-H4O2+H[1+]","0.000601898729968298"
"298.0961","5-METHYLTHIOADENOSINE","M+H[1+]","0.000736530570065952"
"298.0961","7-8-DIHYDROPTEROATE","M-NH3+H[1+]","0.00258518632995219"
"135.0293","C00242","M-NH3+H[1+]","0.000886275369992973"
"135.0293","MAL","M+H[1+]","0.000500230130001"
"135.0293","FUM","M+H2O+H[1+]","0.000464916429990581"
"135.0293","HOMO-CIT","M-C3H4O2+H[1+]","0.00047085753001852"
"135.0293","HOMO-I-CIT","M-C3H4O2+H[1+]","0.00047085753001852"
"135.0293","C00385","M-H2O+H[1+]","0.000801860169985957"
"208.9974","CPD-10660","M+HCOONa[1+]","0.000168959369972299"
"288.1108","CPD-10809","M-HCOONa+H[1+]","0.00162444262997496"
"288.1108","CPD-5923","M+H2O+H[1+]","0.000506055729999844"
"166.0868","CPD-397","M(C13)+H[1+]","0.00159914442997433"
"166.0868","PHE","M+H[1+]","0.00054493073000117"
"166.0868","PYRIDOXINE-5P","M-HCOOK+H[1+]","0.000599900229985906"
"200.0921","CPD-659","M-CO+H[1+]","0.000451000229958254"
"200.0921","TYR","M+H2O+H[1+]","0.000330308629969522"
"134.0451","L-ASPARTATE","M+H[1+]","0.000315814929990665"
"134.0451","S-ADENOSYL-4-METHYLTHIO-2-OXOBUTANOATE","M(C13)+3H[3+]","0.0010528303033368"
"134.0451","C00242","M-H2O+H[1+]","0.000986275369996292"
"232.0135","CPD-12706","M[1+]","0.00131738570001971"
"90.0916","VAL","M-CO+H[1+]","0.000344930730008741"
"483.3454","CPD-4579","M+HCOONa[1+]","0.000942812430025697"
"395.3317","57222428-ERGOSTATETRAENOL","M+H[1+]","0.000857562930036693"
"395.3317","CPD-4580","M-H2O+H[1+]","0.000892876630018691"
"245.0775","C00299","M+H[1+]","0.000687405029964339"
"245.0775","CPD-9875","M+Na[1+]","0.000985404570002402"
"259.1294","C00449","M-H2O+H[1+]","0.000587148229953982"
"124.0395","NIACINE","M+H[1+]","0.000195123330016145"
"124.0395","QUINOLINATE","M-CO2+H[1+]","0.000165879130022972"
"449.3761","EPOXYSQUALENE","M+Na[1+]","0.000657306129994595"
"449.3761","LANOSTEROL","M+Na[1+]","0.000657306129994595"
"184.0737","CPD-341","M+Na[1+]","0.000359552829991117"
"184.0737","PHOSPHORYL-CHOLINE","M[1+]","0.000169485100002476"
"160.076","INDOLE_ACETALDEHYDE","M+H[1+]","0.000309617029984111"
"160.076","INDOLE_PYRUVATE","M-CO2+H[1+]","0.000280372829990938"
"230.9471","DPG","M-H4O2+H[1+]","0.00175403542999675"
"187.054","C02291","M-H4O2+H[1+]","0.000495895029985149"
"193.0348","CIT","M+H[1+]","0.000520921729986412"
"193.0348","CPD-13907","M+H[1+]","0.000520921729986412"
"193.0348","CPD-13913","M+H[1+]","0.000520921729986412"
"193.0348","CPD-334","M+H[1+]","0.000520921729986412"
"193.0348","THREO-DS-ISO-CITRATE","M+H[1+]","0.000520921729986412"
"193.0348","CIS-ACONITATE","M+H2O+H[1+]","0.000485608029975992"
"193.0348","CPD-13912","M-H2O+H[1+]","0.000556235429996832"
"193.0348","CPD-225","M+H2O+H[1+]","0.000485608029975992"
"193.0348","C08270","M+NaCl[1+]","0.00021866446999752"
"193.0348","L-DEHYDRO-ASCORBATE","M+H2O+H[1+]","0.000485608029975992"
"174.9935","CPD-4211","M-C3H4O2+H[1+]","0.00149777332998724"
"174.9935","DELTA3-ISOPENTENYL-PP","M-C3H4O2+H[1+]","0.00149777332998724"
"152.0321","5-OXOPROLINE","M+Na[1+]","0.000230437030012354"
"152.0321","PYRROLINE-HYDROXY-CARBOXYLATE","M+Na[1+]","0.000230437030012354"
"152.0321","C00385","M[1+]","0.00132539339998061"
"246.9801","RIBOSE-1-ARSENATE","M-CO+H[1+]","0.000834803330008071"
"272.0919","4-P-PANTOTHENATE","M-CO+H[1+]","0.0026204634300484"
"272.0919","C01092","M+HCOOK[1+]","0.00248011603002851"
"182.0817","TYR","M+H[1+]","0.000530308630004583"
"182.0817","C11355","M-CO2+H[1+]","0.000501064430011411"
"182.0817","CPD-659","M-HCOOH+H[1+]","0.000451000229986676"
"129.0185","2-KETOGLUTARATE","M-H2O+H[1+]","0.000300230129994361"
"129.0185","CIS-ACONITATE","M-HCOOH+H[1+]","0.000185608029994455"
"129.0185","CPD-1789","M-H2O+H[1+]","0.000300230129994361"
"129.0185","CPD-225","M-HCOOH+H[1+]","0.000185608029994455"
"129.0185","L-DEHYDRO-ASCORBATE","M-HCOOH+H[1+]","0.000185608029994455"
"219.1343","CPD-9758","M+Na[1+]","0.00130635297000481"
"381.3522","4-METHYL-824-CHOLESTADIENOL","M-H2O+H[1+]","0.000657434530012324"
"381.3522","CPD-4576","M-HCOOH+H[1+]","0.000542812430012418"
"381.3522","C15777","M-H2O+H[1+]","0.000657434530012324"
"381.3522","C04525","M-H2O+H[1+]","0.000657434530012324"
"481.3298","CPD-4580","M+HCOONa[1+]","0.000992876629993589"
"130.1304","CPD-371","M(C13)+H[1+]","0.000391602469989039"
"451.3191","CPD-14268","M+HCOOK[1+]","0.000742812430019058"
"451.3191","CPD-4581","M+HCOONa[1+]","0.000857562930036693"
"451.3191","CPD-4702","M+Na[1+]","0.000778254529961941"
"336.0486","NICOTINATE_NUCLEOTIDE","M[1+]","0.000157404400056294"
"308.0916","C00051","M+H[1+]","0.000517549330027123"
"308.0916","CPD-10267","M+3H[3+]","0.000665678063342057"
"308.0916","CPD-548","M-CO+H[1+]","0.000602927230033856"
"308.0916","S-LACTOYL-GLUTATHIONE","M-C3H4O2+H[1+]","0.000488176730016221"
"209.1037","C05512","M-CO2+H[1+]","0.000368638830025247"
"220.1186","PANTOTHENATE","M+H[1+]","0.000650871829947164"
"176.0743","CPD-469","M(Cl37)+H[1+]","0.00101568652999617"
"499.323","CPD-4579","M+HCOOK[1+]","0.00464281243000642"
"245.0492","ALLANTOATE","M+HCOONa[1+]","3.12327699987236e-05"
"153.0661","3-HYDROXY-L-KYNURENINE","M-C3H4O2+H[1+]","0.000216649230026178"
"442.9615","UDP","M+K[1+]","0.00347341176995997"
"160.0973","CPD-9699","M+H2O+H[1+]","0.000444930729969428"
"415.3039","CPD-13689","M(S34)+H[1+]","0.0030783829300276"
"415.3039","CPD-13689","M(Cl37)+H[1+]","0.00167838292998113"
"522.9136","CPD-506","M+Na[1+]","0.00438621816999785"
"522.9136","INOSITOL-1456-TETRAKISPHOSPHATE","M+Na[1+]","0.00438621816999785"
"207.0524","CPD-476","M[1+]","0.00075778249998848"
"207.0524","C00534","M+K[1+]","0.000254106569997248"
"279.1382","C00449","M(Cl37)+H[1+]","0.00158714822993034"
"172.061","3-HYDROXY-ANTHRANILATE","M+H2O+H[1+]","0.000530437029993891"
"172.061","ACETYL-GLU","M-H2O+H[1+]","0.000601064430014731"
"172.061","C00579","M-H4O2+H[1+]","0.000232019770010083"
"289.0573","5-PHOSPHO-RIBOSYL-GLYCINEAMIDE","M(S34)+H[1+]","0.00237844546995802"
"289.0573","TRP","M+HCOOK[1+]","0.00115410657002712"
"181.0975","3-HYDROXY-L-KYNURENINE","M-CO2+H[1+]","0.000316649230001076"
"181.0975","CPD-14736","M-CO+H[1+]","0.000431271330000982"
"181.0975","C00931","M-HCOOH+H[1+]","0.000266585030004762"
"397.3472","572428-ERGOSTATRIENOL","M+H[1+]","0.000707498729980216"
"397.3472","CPD-4578","M+H[1+]","0.000707498729980216"
"397.3472","C01694","M+H[1+]","0.000707498729980216"
"397.3472","CPD-4577","M-HCOOH+H[1+]","0.000628190330019152"
"397.3472","CPD-4579","M-H2O+H[1+]","0.000742812430019058"
"175.1193","ARG","M+H[1+]","0.000347818829993685"
"269.0306","N-ACETYL-GLUTAMYL-P","M[1+]","0.000547122800014677"
"664.1184","C00003","M[1+]","0.00145333540001502"
"166.0536","L-ERYTHRO-4-HYDROXY-GLUTAMATE","M(Cl37)+H[1+]","0.00105112862996748"
"216.0873","CH33ADO","M-H4O2+H[1+]","0.000615776370011645"
"216.0873","C00559","M-H4O2+H[1+]","0.000615776370011645"
"352.9921","C01346","M-H4O2+H[1+]","0.00125878967003246"
"258.1106","L-1-GLYCERO-PHOSPHORYLCHOLINE","M[1+]","4.89218999746299e-05"
"589.0462","CPD-14553","M+Na[1+]","0.00190315673000896"
"302.306","CPD-13612","M+H[1+]","0.000644031929994071"
"205.0977","TRP","M+H[1+]","0.000545893430000888"
"227.1395","CPD-9700","M-CO2+H[1+]","0.000451834529997086"
"320.0919","S-HYDROXYMETHYLGLUTATHIONE","M-H2O+H[1+]","0.000852863029990658"
"259.1042","AMINO-RIBOSYLAMINO-1H-3H-PYR-DIONE","M-H2O+H[1+]","0.000539266230020985"
"256.0836","CPD-8259","M[1+]","0.00148781280000776"
"170.0815","C00314","M+H[1+]","0.000330308629997944"
"245.1138","C00931","M+H2O+H[1+]","0.0005665850299863"
"405.0104","UDP","M+H[1+]","0.000926588230015568"
"481.2934","CPD-13689","M+HCOONa[1+]","0.000978382930043153"
"229.0978","C00931","M(S34)+H[1+]","0.000633414969996693"
"229.0978","C00931","M(Cl37)+H[1+]","0.00203341496998632"
"229.0978","CPD-9329","M+NaCl[1+]","0.00124371123001765"
"256.082","CPD-8259","M[1+]","0.000112187199988512"
