"m.z","p.value","t.score"
72.081,0.000848323759190998,-5.66478849878822
72.0811,0.0176217609437265,-3.29450886997086
74.0238,0.015022250866328,-3.4122779875776
74.0602,0.00813519645326876,-3.83860448207838
76.0396,0.00134084334241742,-5.26572195514232
81.0336,0.00443135304583835,-4.30761473025877
84.086,0.000913700589407088,-5.59893165392958
84.9689,0.00586449924920501,-4.0824820094291
85.0286,1.7291977708849e-06,13.1084940928994
85.0843,0.000137536479962015,-7.44083553849682
86.0966,0.00103335393590483,-5.49103829372734
87.0999,0.000322816232921249,-6.60287149126141
88.0395,0.0159793633758939,-3.36736602833906
90.0916,0.201152369836015,-1.52751858528399
95.0192,0.00222952821653027,-4.84247575730079
97.0286,1.73787982432387e-06,13.0852613631069
97.0762,2.97088724171043e-06,12.1662944249262
98.9847,2.65361242747085e-05,-9.23974517842724
100.9886,6.00228072907637e-05,-8.33908941406873
101.0711,0.00611228415491143,-4.05379902225001
101.107,0.00043381787627431,-6.31102314635447
101.1423,0.00197031858587204,-4.94881982965466
102.0572,0.000936006744825998,-5.57489130635161
102.128,0.192814203439198,-1.56105001644672
103.0586,0.0175942229157012,-3.29656111965197
103.1227,0.0295937064648069,-2.9175432552308
104.053,0.00132091574885073,-5.28289386046472
105.0036,0.00340417960542736,-4.51157832471961
107.0076,0.000141962283291523,-7.40877325639778
108.0658,0.00441769828732896,-4.31117459097036
110.0715,0.0016492444256395,-5.09247013908901
112.043,0.00564505356637037,-4.12397660841973
112.0508,0.000848323759190998,-5.66273865412485
112.0758,0.00103721674341719,-5.482816742275
113,0.026780374483831,-2.99490713899447
113.0343,0.0440301325465276,-2.6246079088139
113.0348,0.00667865314250812,-3.98740163126719
114.0381,0.005851212302411,-4.09096594271714
116.0709,0.0284213767615802,-2.94707858169579
116.9951,0.002363786804978,-4.79213482920289
117.0009,0.000119284288658157,-7.60639408845269
117.0741,0.0299753621751354,-2.90258304797026
118.0013,0.0309378242244991,-2.87803531196752
118.0502,0.0298078743279265,-2.91039518717431
118.0653,0.00858018006182246,-3.80075719153096
118.1562,0.110325813709591,-1.97477308847274
118.1712,0.0252694647388837,-3.03812937933999
119.0193,0.00385816834169499,-4.40964393886076
119.0342,0.00076390368915585,-5.76271652656986
119.0897,0.000504485999262082,-6.15020578231043
119.9944,0.993430870804397,-0.0106693135695932
120.0658,0.00107175940812842,-5.45310469090216
120.0805,0.00691315556374168,-3.96185482029199
120.1367,0.912005271797764,0.140163148886179
121.0843,0.00586449924920501,-4.08381996019
122.0714,0.0153419479467345,-3.3950555085725
123.014,0.00103721674341719,-5.48115378005197
123.0555,0.00366462581766393,-4.45377238295953
123.0767,0.023977814982744,-3.07617038608481
124.0395,0.224546972774487,-1.44773639712186
124.0589,0.00385816834169499,-4.40964156328277
124.9229,0.0129704762595709,-3.51190754333062
127.0393,1.82270541011302e-07,17.1590069280806
129.0185,0.321470638616027,-1.1666574919278
129.0339,0.00581755601119563,-4.09660494043928
129.9697,0.24884699318177,-1.37077813395209
130.0654,0.000363237079009154,-6.49116301742538
130.0978,0.015026877086373,-3.41091885112421
130.1304,0.354314259276304,-1.0903459606332
131.0494,0.00205411987422828,-4.91296240805104
131.1182,0.000461731356491822,-6.24184468320354
132.0013,0.0284213767615802,-2.94772138742898
132.0199,0.000657725331641714,-5.89773792170105
132.02,0.166509896141152,-1.67313688352606
132.0658,0.0513614020600299,-2.50977728554294
132.0805,0.00385816834169499,-4.41267622221896
132.1022,0.00129130729697616,-5.30554114667312
132.1849,0.104252479049227,-2.01332113179085
132.9986,0.000228599076725667,-6.92893083044856
133.0612,0.0253955692704827,-3.03315030432408
133.0975,0.00441354334359052,-4.31337426621497
133.1054,0.000198210299713281,-7.06364579393802
134.0451,0.197045180064175,-1.54431688646824
134.0814,0.00752627447704069,-3.89981251574579
134.1291,0.948972683242343,0.0784538473030572
135.0293,0.171219827860159,-1.65059053350646
135.0483,0.0255803166871425,-3.02787605256773
136.043,0.00346432687202903,-4.4969610288081
136.0621,0.0769282040759422,-2.23040017060083
136.0755,0.00132108992344885,-5.28054807303421
137.0462,0.000889985935254231,-5.62041350270137
137.0653,0.0350517851817955,-2.79391381059537
137.0761,0.155120410245722,1.72527195059214
137.0793,0.000350362030942402,-6.52686316066409
138.0331,0.00149918676496548,-5.18166885365445
138.0493,3.03167535835081e-09,29.0036556317933
138.0494,6.77809181263039e-05,-8.20734519650925
138.0552,0.000651371090626033,-5.91629127169696
141.0661,0.0879875038107125,2.14069169272407
142.0324,0.000129975186790628,-7.50904241946783
142.5898,0.0765012638049459,-2.23480353405794
142.9389,0.000179353395421725,-7.17318818317478
143.0046,0.000174041810924242,-7.20738570037535
143.0732,0.000424705957329313,-6.33755805243452
143.1177,0.0110561134334845,-3.62761546715668
144.0481,0.192732337815958,1.56275702239367
144.0659,4.17711588245367e-05,8.70524192240001
145.0514,0.0131400464919452,-3.50172018081836
145.0694,0.757233656802693,0.373008365533406
145.1333,0.00355406805039534,-4.47690171115945
146.0273,0.0017605170769414,-5.0416269036541
146.0815,0.0018016287581695,5.02385011314145
146.1178,0.0943149472228293,-2.09005199540696
147.0143,0.000651371090626033,-5.91853524465956
147.0145,0.158802712845706,-1.70924037027961
147.0291,0.000110986961232895,-7.69300015242089
147.0718,0.000438369890669766,-6.29631370422224
147.0739,0.0505037950338,-2.52384566392416
147.0769,0.0728841152339008,-2.27343074682776
147.1131,0.0192682852443498,-3.23058316603147
147.2094,0.0660798704826313,-2.33749956312699
147.2314,0.440708719352017,0.905523907443996
147.8623,0.0308403567586412,-2.88179649017099
147.9411,0.419983202425216,-0.948200747704701
147.9629,0.455028910850452,-0.876301789072838
148.0579,0.805872769242815,0.300350130617533
148.0609,7.98664716525738e-05,-8.03284000384219
148.0799,0.0269727000474274,-2.98768098636109
148.1084,0.000183409136193818,-7.14999659103763
148.1164,0.000657725331641714,-5.89949617724159
148.158,0.691949742546537,-0.473445714439794
148.1799,0.0942623891077106,-2.09193837295925
149.0299,0.0122343434983472,-3.55058466794481
149.0448,0.0219885731387958,-3.13654228622598
149.0641,0.018559282738956,-3.25492849736483
149.1196,0.000553849258420173,-6.07022441007033
150.0581,0.0440301325465276,-2.62480830918793
151.009,0.000119284288658157,-7.60887857816239
151.0619,0.0333690749484846,-2.82629406111236
151.0792,0.000185859701611955,7.13451335098232
152.0321,0.307263383293156,-1.20398235277547
152.0544,0.00384464138917114,-4.41791381500104
152.057,0.0135061263089135,-3.48407931131412
152.0571,0.000365835306633166,-6.48197660988545
152.1109,0.000146058187459451,-7.37500041328605
153.0661,0.47759858168374,-0.831523960613969
154.0502,0.000675868458572272,-5.87476354180823
154.942,0.000379448887104282,-6.44618246907915
155.0818,0.00409024841045343,4.36836492457593
156.0363,3.262108790701e-05,8.99568839176153
156.0771,0.00156081801642711,-5.14519454913856
156.5929,0.003735260122033,-4.4398028324133
157.0611,0.00161434436531244,-5.11134353304035
157.0803,0.000999984533815311,-5.51688063140178
159.0915,0.0297465667896968,-2.91325223400334
160.076,0.250801314886265,-1.36486093567268
160.0761,0.00781432548886401,-3.87401161158393
160.0973,0.517411306959864,0.759574739875994
161.1072,0.010834983466,-3.64359672112145
161.1283,0.00524627053266778,-4.17901381299792
162.0586,0.556846825931005,-0.686884974478172
162.0765,0.0217201793241511,-3.14804799953463
162.0917,0.0850354913757857,-2.16564468189005
163.0793,0.0246512009441305,-3.0567956039077
164.0407,0.0406919072290916,-2.68301464841356
165.9707,0.00699050114467203,-3.95358986647994
166.0536,0.65414092892177,-0.529659296210002
166.0868,0.186871147732178,-1.58397567216681
166.2029,0.00283316904946983,-4.64342204596837
167.0819,2.35482496418831e-05,9.37730133577271
167.0899,0.00104886179428377,-5.47082234442041
167.0931,0.000478825785770904,-6.19627502745374
167.1182,0.72197914916233,-0.425989069077892
168.077,0.10200101815384,-2.03249816400267
168.0931,0.000575215426116006,-6.03565543194106
170.0657,1.24355325481496e-05,-10.1638500663315
170.0671,0.000133973856036995,-7.47785451145791
170.0815,0.933436794650912,-0.104624077026442
171.017,0.000241086759683629,-6.87321875867017
172.061,0.576218788983839,-0.656305127274944
172.0972,0.198315988732892,-1.53805432154077
172.9527,8.78316262333204e-05,-7.92953986104265
173.0213,1.12523531529716e-05,10.303516969464
173.092,0.00112691904518763,-5.41519539449193
174.039,0.118693303282175,-1.92163717537827
174.0765,0.00990351416490061,-3.70437906642135
174.9385,0.996464009285162,-0.00454372643235682
174.9658,0.879849521263254,0.1881614550676
174.9935,0.303636032369299,-1.21293201907192
175.1081,0.000148546728409068,-7.35589747770653
175.1155,0.210388320996706,-1.49431952262432
175.1193,0.597782017990738,-0.620173672946026
175.2446,0.118853706265321,-1.91932258781218
176.0557,0.00194561868864368,4.95951239114693
176.0743,0.448570989043835,-0.890410300956531
176.1224,0.00117712559985788,-5.37741980727385
177.0511,0.0217978112273003,-3.14380346401564
177.0955,0.000633882293530121,-5.94520001054232
178.0714,0.0169048827387162,-3.32755038641702
178.121,0.000473827767757285,-6.2074492290377
179.023,0.0171045692721707,-3.31780853584653
179.0483,0.00076390368915585,-5.76717080417135
179.0488,0.117232169937016,-1.93062679561777
180.087,1.67552195341597e-07,17.3691469512733
181.0431,0.128717784166355,-1.86347027495833
181.0612,0.0427417787045272,-2.64989802228994
181.0613,0.0465347251969653,-2.58702866814153
181.0712,3.03167535835081e-09,28.8563626647909
181.0904,2.29463550844203e-05,9.41161420380053
181.0975,0.580919064660021,-0.647729172382798
182.0817,0.319185560403914,-1.17238116604107
182.5283,0.0058914622552013,-4.07817362769391
183.052,0.0741873105383145,-2.25656529806898
184.0737,0.235580717412731,-1.40916307587866
184.0881,4.17711588245367e-05,-8.71025007824552
185.0926,0.168760378426362,1.66255791757206
185.1289,0.0122428654511496,-3.54895006165629
186.0506,0.288614788077902,-1.25361441613354
186.0725,0.01211882518847,-3.55872339228723
186.9589,0.00540483455986608,-4.15877682783953
187.054,0.273400664469307,1.29679096929289
187.0673,0.160948226201082,-1.69724800497952
187.1082,0.0291600511216967,2.92911824943789
187.6239,0.00330402314460672,-4.53438360162277
188.0745,0.093327319232362,-2.10020998733687
188.0921,6.41929598322815e-06,11.0171073756828
188.1159,0.00395208654269125,-4.39199349687321
189.0526,1.63047097173077e-06,-13.2404506021892
189.1238,0.000428891615245279,-6.32321138434541
189.1239,0.0508578528355727,-2.51722011902795
190.0715,0.000585284193715722,-6.01961609999835
190.09,0.125606368182779,-1.87984464180277
190.1079,0.0215092206518521,-3.15594387823234
190.1271,0.0208625656085167,-3.17933597051478
190.9539,0.00222952821653027,-4.84392083365118
191.0319,0.110738468182605,-1.96950656300186
191.0392,0.000294025670516036,6.69400380650368
192.0329,0.711151149986778,-0.442260225200567
192.087,1.13562983943694e-07,18.3563108728416
193.0024,0.00154686228268706,-5.15788594237499
193.0348,0.282354315044176,-1.2714662228912
193.0904,4.13304937065676e-05,8.72843234815735
193.1188,0.0623723227505139,-2.37789567118853
193.5702,4.98466048981863e-06,-11.3878781505914
194.0331,0.00041349224187583,-6.36860164363461
194.0845,0.000469774027961612,-6.22040983251257
195.0365,0.000187257889450201,-7.12392421888272
195.0592,0.00915509676526135,-3.75599573948304
195.6158,0.0114209737959652,3.60678398720246
196.0313,0.000839080911223875,-5.68104883677167
196.9615,0.0765012638049459,-2.2344772207
197.1014,0.0217978112273003,-3.14484049987741
198.0878,0.0369570344883346,-2.75739620762734
199.0581,0.0379377418596721,-2.73566747397057
199.1082,0.0406919072290916,2.68348655461732
199.624,0.000469774027961612,-6.21968499483963
200.0445,1.91985500082657e-06,12.9169319206182
200.0921,0.186871147732178,1.58384518892345
200.9381,0.000678963541690659,-5.86701411548472
200.9476,1.34242334897942e-05,-10.0553462297995
201.0697,0.96753437106232,-0.0504204946620577
202.0601,0.135009418479743,1.82841304289978
202.6236,0.000196600519243026,7.07465890675344
202.9312,0.00215447067835415,-4.87116601875752
204.0871,2.72018642255768e-06,12.3344536571303
204.0894,0.0379377418596721,-2.73626157857644
204.1235,0.00625500646911714,4.03371825804662
204.1237,0.0185165484529798,3.25739806489012
204.1348,0.00096299574966549,-5.5487406848401
204.9032,0.00840116187730183,-3.81759508024612
204.9694,0.00103696304895623,-5.48613727138697
205.0735,0.00662368742746068,-3.99533767297515
205.08,0.227998101450214,-1.43562071212916
205.0825,0.000415438621993955,-6.36151233043629
205.0977,0.796327379840451,-0.31370119350761
206.0832,0.179041503465879,-1.61814014931657
206.1004,0.162998959401951,-1.68862751573051
206.1028,0.110725015126965,1.97033343984721
206.1867,0.00880775325197336,-3.78216400150607
206.8863,0.11870514526898,-1.92082765396915
206.9261,0.00197031858587204,-4.94698427118933
207.018,0.000213970307514898,-6.99585650005745
207.051,0.0677874217752889,-2.32008718774993
207.0524,0.545513197056193,-0.709703863764653
207.0756,0.0299753621751354,-2.90306010932178
207.1037,0.0209971730069346,-3.174459646326
208.0643,0.347635940889655,-1.10544284982404
208.9974,0.171347604419147,-1.64940010675406
209.0498,0.0212252942264075,3.16701146205276
209.092,0.0497192552809808,-2.53669641708672
209.1037,0.416577594810006,-0.957353720815698
210.0766,0.000984798831088627,-5.53025969192236
210.0959,0.00172591306842369,-5.05723552925627
210.9487,0.00172591306842369,-5.05830496479981
210.9488,4.98466048981863e-06,-11.3847996841636
211.0948,0.00161278328183628,5.11625530983513
211.1194,0.455654707954477,-0.874470135303952
211.5233,5.94198474612426e-06,-11.124177162938
212.1398,0.466123847981524,0.852941616400432
213.0754,0.0546265798576572,-2.46706396265693
213.1239,0.977244646943184,0.0328944307743761
214.0786,0.0280667439615415,-2.95940071055066
214.0843,0.146535153088413,-1.76797845716165
215.0734,0.0434456398717082,-2.63681843874029
215.1395,1.63125084353431e-06,-13.2227029879412
216.0637,0.152707028788546,-1.74010870699898
216.0873,0.684852039385827,0.485706492042542
216.92,0.000619139254144222,-5.96567824670623
217.0136,0.00346432687202903,-4.49682421602521
217.13,0.0104569514924751,-3.66633142322311
218.0429,1.70591797154854e-07,17.3064879972225
218.0665,0.000438369890669766,6.29845695109443
218.0746,0.0291600511216967,2.92978249665186
218.1027,1.6765113860625e-05,9.7895361081638
218.1028,0.0343645186541689,2.80821167767483
218.1391,0.0526357604134443,2.4904186770956
218.1392,0.0284213767615802,2.94897529643453
218.5311,4.39669434453873e-06,-11.5843876495273
218.9487,0.00843855490132807,-3.81223993618687
218.9588,4.92571146181944e-06,-11.4217077895553
218.9841,0.0853160162315921,-2.16290420900752
219.071,0.000294025670516036,6.69268727555073
219.098,0.0198105334409895,-3.21201352800102
219.1343,0.325532209734593,1.15711539868999
220.082,1.9432019727023e-09,33.203677951689
220.1186,0.431475304678457,-0.923210965856842
220.9974,0.00275150399951581,-4.66439102890796
221.0338,4.21674366424056e-06,-11.6814452813683
221.0748,0.0870167702450675,-2.14884313511312
221.0926,0.00501578823824382,-4.21345087331631
221.0927,0.00385816834169499,-4.40905636082633
222.0408,0.0941319241096606,2.0943211524372
222.0977,1.47068138949168e-06,13.4380185151148
222.9595,0.000153750043372702,-7.32183816770135
223.025,0.598880572212005,-0.616523317510996
223.2061,0.0281295054026902,-2.95700632541421
224.9549,0.000919493649830776,-5.59186965029285
224.9643,0.000234533782560158,-6.9038155510508
225.0709,0.00231789103538823,-4.81457984165839
225.087,0.0144554064134556,-3.4387460515518
225.0876,0.00487298009745544,-4.23634326642832
225.1236,0.0044338587972571,4.30407521456068
225.1239,0.0489658233509391,2.54701585507198
226.0788,0.00787651791187527,3.86241028904981
226.1272,0.478234167781598,0.828155152807433
226.9845,1.58547544760595e-06,-13.31444563617
227.0238,1.89428366333622e-06,12.9509898629471
227.0685,2.71796319965094e-05,9.20806699714489
227.1395,0.811995099777952,-0.289671347063584
228.0636,0.00031443440115789,-6.63132559590086
228.087,2.1452029940539e-05,9.50468164491406
228.5239,0.00878074389632449,-3.78534448746696
229.0137,0.0270566706399186,-2.98384542937698
229.0978,0.959223802291536,-0.0621209250924055
229.1552,2.24777985244455e-05,-9.44060880539125
229.928,0.000832161762002999,-5.68968126410205
230.0429,0.0221696922378806,3.1306544564536
230.1392,4.41875718408175e-06,11.5665904831885
230.9471,0.271932311963276,-1.30129536506839
230.9705,0.000105326614691641,-7.74476563657516
231.0657,0.00267320605651889,-4.68694307224729
231.0674,0.026780374483831,-2.99571379380265
232.0135,0.197045180064175,-1.54478460144828
232.1408,0.00211905085246402,-4.88422058456377
232.9212,4.77087056273492e-07,-15.3096567166742
232.9425,0.77747864165537,-0.341921729213386
232.9998,0.104197857049042,-2.01439531288159
233.0087,0.0426604397617613,-2.65190200728821
233.1501,3.25324772525392e-05,9.00529108720887
233.9463,0.00201854483705595,-4.92827054518071
234.1342,1.3454236951158e-06,13.5826033176728
234.1453,0.00238898114792166,-4.77949626288874
234.1535,0.00464526337766014,4.27133943338661
235.0494,3.93235113870503e-06,-11.7837349336915
235.0495,5.38473856972321e-07,-15.0956313213315
236.539,0.815531699071945,-0.282248721921039
236.6425,0.00164745993959573,-5.09531497859966
237.0164,4.16069567003723e-07,15.5762459894541
237.063,2.55687857051372e-06,12.4591668782211
237.0908,1.8170923456555e-05,9.69550914864998
238.9704,0.00318256637365467,-4.56219337811098
238.98,0.000324449844724977,-6.59147623227888
239.0147,0.101508168474769,-2.03692938065887
239.1032,0.137458464757594,-1.81371676033865
241.0104,0.0160400487280684,-3.36280286974525
241.1035,0.696442882633205,0.463850650437104
242.0143,0.003262993868328,-4.54422825996506
242.0699,0.0110354173302791,3.63000447468117
242.1141,1.10690754627486e-05,10.3310523214982
243.027,6.95492388712485e-09,25.3855163365348
243.0883,0.0404388999490706,-2.68845161125166
244.0935,0.00156081801642711,-5.14682273140018
244.9056,0.0303635397224098,-2.89281732468
244.9417,0.253548482938351,-1.3560276307881
244.9862,0.0046328758970578,-4.27460847217129
245.0141,0.00222952821653027,-4.84352135096624
245.0492,0.464217557969799,0.857180610144108
245.0774,0.00686861147226892,-3.96724522051477
245.0775,0.217670028708926,-1.47013310238763
245.1138,0.933436794650912,0.107656497167711
246.0496,0.0268505471983486,-2.99236101628579
246.1818,7.37404651103751e-05,-8.11760213579756
246.9801,0.311545177622463,1.1929186875267
247.1023,0.015359837159637,3.39319672901246
247.5817,0.933436794650912,-0.103528976928523
248.0738,0.235580717412731,1.40914258954198
248.1035,0.185535266466742,-1.59263464930631
248.161,0.000487808343501919,-6.17894465872952
248.2226,0.0659353917328273,-2.33959886505091
249.0651,1.39939966591448e-07,-17.8941686594741
249.1087,0.0400177692694002,-2.69908362240142
250.0392,0.00790735163552521,-3.8586762995249
250.9342,0.805904158240106,-0.298481511614187
251.0233,4.31785805922836e-06,-11.6185426539555
251.0702,0.000553849258420173,-6.07257283339717
252.0732,0.0792504995509023,-2.20888593524291
252.1083,1.34228837238665e-09,39.4684695670704
252.1085,2.55367897485025e-06,12.4885742646538
252.1235,0.0504938479114994,2.52544569143241
252.1236,0.04499654708477,2.60844078466534
252.9096,0.0161521955956752,-3.35751301116047
252.9191,0.0297465667896968,-2.91257479364067
253.0304,0.0566555295173866,-2.44408370906745
253.0938,0.0119739258945317,-3.5708674405378
253.1115,1.61633274661803e-07,17.5292426759033
253.2142,0.153028610957689,-1.73591887281204
254.1123,0.0505694896426184,2.52138634173379
254.5496,2.45156232000685e-07,16.5857852411967
254.5896,0.153028610957689,1.73587803092066
254.6077,3.05756648332631e-05,9.07455802624885
254.89,0.118693303282175,-1.92171495865463
255.0817,0.00567471139013181,-4.11771584690511
255.0981,0.0474344997841323,-2.57245202821545
255.1457,0.000585606079507669,-6.01284253650121
256.082,0.973036050824916,0.0422995829968696
256.0821,5.94198474612426e-06,11.137876566728
256.0836,0.891812263649445,-0.169913546658616
256.1297,0.000359867886440471,6.50210274752984
256.9776,0.00255453573194786,-4.72048044868868
257.0141,1.13949847869853e-06,13.8789493177197
258.1106,0.712635335770782,-0.43938132611249
259.0718,0.000858786578849841,-5.6512958980922
259.0898,0.000810249076971375,5.71437054597609
259.0964,0.0366508794525126,-2.76317355863286
259.1042,0.873924302582595,-0.197709044108735
259.1294,0.219137981155253,-1.46433439905576
260.0534,1.57276849583738e-07,17.645788984974
260.1976,0.00206590822350077,-4.90630005346445
261.0091,0.0148633187603227,-3.41979202346106
261.1087,0.00292391795625856,-4.62100649922707
261.1562,0.000771580194155708,-5.75272463808478
261.1563,3.5348831889853e-05,8.90211201779521
262.1038,0.00231789103538823,-4.81272881270898
262.1401,0.000221539513723917,-6.96296537734802
262.1596,0.0169048827387162,3.32590771960755
263.0598,0.133990236220489,-1.83378600533342
263.088,0.000575215426116006,-6.03593247395561
263.0966,0.0892345355986104,-2.12998767081427
264.0351,0.000144703034380285,-7.38763909163387
264.0945,0.490328690979034,0.807562330766576
264.0946,0.977244646943184,-0.0325339908218356
265.1121,0.0380948749196113,-2.73234113199565
265.1763,7.59455015206527e-06,10.7995986471927
266.0341,0.000644473439836036,-5.92995846516314
266.1125,0.399547472672031,0.990783848147994
266.1154,0.0147707229813959,-3.42469696679756
266.1241,1.60547298931734e-06,13.2793290395747
266.1505,0.15392057282248,-1.73154644447282
266.9655,0.00563222230936427,-4.12689837127723
267.1279,0.388941955962604,-1.01441411237925
268.1031,5.3654073197454e-06,11.2844635783333
268.1047,6.31780839052128e-07,-14.8247206692929
268.1185,0.0527239563546431,2.4886030770949
268.6108,0.000373107078451041,6.46294435191053
268.6808,0.0014109099270155,-5.22587656874527
269.0306,0.642490337301873,-0.54932445175018
269.0887,8.51919637357093e-09,24.7953345526061
269.1079,1.24355325481496e-05,-10.1567508084415
269.1614,0.0129704762595709,-3.51239962058986
270.092,1.9432019727023e-09,35.0605216549924
270.1187,3.19028574108514e-08,21.2290053362974
272.0211,0.0193390386547341,-3.22732021401232
272.0919,0.314138409171044,1.18569367167806
272.1369,0.140159009191858,-1.80031112804785
272.1862,0.146535153088413,-1.76830115627835
273.0403,1.10677873867158e-06,-13.9412073417898
273.5711,0.000876745187470427,5.6337760777517
275.0385,0.0642236779591136,-2.35747426246869
276.1196,0.00114768002594246,-5.39994975960842
276.1558,0.000308885225682846,-6.64933332868909
276.156,0.0347371905387624,-2.80098138773104
276.1671,0.0286459672307565,-2.94148757455635
276.9873,0.444861506918303,-0.897564813996268
277.0461,0.042885867253373,2.64615291390087
277.1036,0.0277833253000889,-2.96734018488618
277.14,0.0947052669361749,-2.086805028996
277.9946,0.00160025595511584,-5.12588645790437
278.1431,0.0761804352168326,-2.239346436916
278.5731,0.00516591176701625,-4.19025518226801
279.0482,2.28287228693785e-06,12.6676034405183
279.1382,0.55160634467064,-0.698030583714295
280.1008,0.0110257826530026,-3.63179281501714
280.1033,0.0180073806632235,3.27721824019986
280.1398,3.00463766577903e-08,21.4632608862482
280.9959,3.29410211673074e-06,12.0206998715622
281.0711,0.00355406805039534,4.47757461080342
281.8624,0.0264842728044619,3.0044696613148
282.119,2.81879604200929e-09,30.4278182103876
282.1203,0.00935086972064076,-3.74182761096209
282.1204,1.25489703935593e-05,-10.1380590442772
283.0194,3.45750794876591e-08,21.0061120024896
283.0867,0.000678963541690659,5.86581725514981
284.0996,0.0642113425751528,-2.35840607988036
285.009,1.45008527658368e-05,9.95435256390595
285.016,0.0445940489303482,-2.6163115914694
285.1198,1.19086756683102e-05,-10.2312520869557
286.0515,0.746140265977958,-0.389430736475026
286.9255,0.000453760628441339,-6.26312928106278
287.0643,3.79209249007762e-07,15.7763470985179
288.062,5.91059186632362e-05,8.35968363086442
288.1108,0.177801473988564,1.62324687288761
288.2036,0.000237255251798025,-6.89033409857898
288.2038,0.00738171285401381,-3.9158585006351
288.9638,0.0886144117227319,-2.13491007491596
289.0501,0.0233120256056324,-3.09374268866052
289.0573,0.577130496438232,-0.654140951486327
290.0763,3.03167535835081e-09,29.4508486526136
290.1352,0.0295937064648069,-2.91776921502886
290.1463,0.00201854483705595,-4.92670047622497
290.6002,0.0403832659415352,-2.69106277692535
290.8477,0.360482296842163,-1.07645488088514
291.1346,0.274031744162981,1.29393469937494
291.1555,2.41795701115387e-07,16.6373793753
292.1034,0.0465347251969653,2.58622755117542
292.1984,0.0224542744271616,-3.12209537161391
292.374,0.18593869806454,1.58988025849282
293.1171,0.00567471139013181,-4.11771473412249
293.1713,2.70865522401944e-06,12.3538565144937
294.0037,3.74286596798513e-08,20.7889690011673
294.119,1.9432019727023e-09,33.1833024881427
294.1555,1.68229345829517e-08,23.0087430717894
296.0702,0.000317866373611789,-6.61891402434795
296.0982,1.49663039866591e-08,23.3490039594574
296.1347,2.49293330013761e-06,12.5352473615767
296.1399,0.217513687379992,-1.47131592696937
296.2478,0.000652394656106329,-5.91227019474621
297.0368,0.0572825002272823,-2.43582137340502
297.1088,0.000469774027961612,-6.21719185569373
297.1386,0.167598652325427,-1.66760850352851
297.1799,2.52630296639604e-07,16.5070756402723
298.0625,6.90356497471146e-06,10.9211587729873
298.0961,0.170117362172332,1.65632596397747
298.0976,0.000843692702702528,-5.6718684079546
298.1154,0.00129130729697616,-5.30716304284402
298.2637,0.00563222230936427,-4.1280773655887
299.035,0.000120320621902304,7.59127947062944
299.1009,0.00132303086775988,-5.27727833557878
299.122,0.0401187567273181,-2.695797721374
299.9476,4.85877286304856e-05,-8.55258977211101
300.1295,0.0141460730813812,-3.45284021894526
301.9859,0.000552187216955667,-6.07858847499223
302.306,0.792841034712921,-0.319157793003552
304.0457,0.0309378242244991,-2.87816897431721
304.1618,0.0266391252229489,-3.00003715296625
305.0297,0.0717931107567803,-2.28311129739952
305.1349,0.0609112364537986,2.39507394295405
306.1302,0.0183687465862419,-3.2632439890476
307.0481,0.309329376457386,-1.19860606945501
307.0839,0.0173811639660047,-3.30490393131561
307.1229,0.0213720736311255,-3.16187081524454
307.1463,0.11119094138108,-1.96554670977537
307.7335,0.18593869806454,-1.58917609936343
307.799,0.933436794650912,-0.104635012874049
307.9913,0.0258751216662611,-3.02013895752464
308.0866,0.00512191181957637,-4.1971739498204
308.0916,0.395809047232179,-0.999999999999999
308.0917,0.00318256637365467,4.56388663252285
308.1711,0.00491001782822955,4.23000294340474
308.3855,0.82451523843037,-0.265875331307535
308.4481,0.185535266466742,-1.59199390464856
308.9491,0.00378971992855638,-4.42882300195314
309.0946,0.0044338587972571,-4.30481624131205
309.1256,0.190117723480555,-1.57217649690151
309.1299,2.07671212649627e-08,22.4004145844843
309.1387,0.0478777858572539,-2.56356395918886
309.1662,4.06244039067016e-08,20.5694920609455
309.818,7.37684040200929e-05,8.11153579124083
310.0873,0.0278669645355843,-2.96457892345908
310.1139,5.33185758916329e-09,26.4205760734099
310.1767,0.0352141631037584,-2.78927786382321
310.4101,0.000727006678924785,5.80987813428231
310.68,0.283479106249018,-1.26803689753602
311.0791,0.0299753621751354,-2.90505148370331
311.0914,0.0659353917328273,-2.34003048149147
311.2586,0.000841936755462668,-5.67597597633837
312.1118,5.94198474612426e-06,11.1192837660614
313.1211,0.000727006678924785,5.81194338441162
314.0853,0.812199561497968,0.288454480211094
314.1087,1.71173155664112e-06,13.1390740717006
314.1505,0.919953790723526,0.127998398601933
316.1374,3.05756648332631e-05,9.07652825669115
316.2126,0.0517034442683982,-2.50505861343148
316.9951,4.01526135652155e-07,15.6582592262378
317.1155,0.0617132394854355,-2.38494010353821
317.4664,0.254478092080814,-1.35229316627246
318.0613,0.0062315270834255,-4.03890869143431
318.1302,4.10714256203223e-09,27.3090911985086
318.301,0.0517576066345737,-2.50360356316943
320.0919,0.822147008827064,-0.269888903636255
320.8794,0.0486386017617515,-2.55178542095706
321.0442,0.419156861650022,-0.951197562918263
321.0542,4.31785805922836e-06,11.6239658124581
322.0875,0.170984687722557,-1.65217587875637
322.52,0.912005271797764,0.140728226653328
322.9552,5.94198474612426e-06,11.1423669967167
323.1456,0.724505821542422,-0.421724779770696
323.1608,1.3454236951158e-06,13.5863641347574
324.0599,1.10950374095051e-07,-18.4384593553318
324.1296,3.40677896541267e-09,28.2681436080095
325.0439,2.64104109580713e-06,-12.401035536639
326.0574,0.00236030728223766,-4.79499064139496
327.0947,0.517031430206758,-0.760962031209129
328.1065,0.0666918813523858,2.33127626440757
328.1399,3.02861006559751e-08,21.3932268272084
329.1503,0.464217557969799,-0.856913094177041
330.0596,0.00129534518078328,5.3010778549063
330.2282,0.0877273296674496,-2.14323414694391
331.1659,0.00232110700287404,-4.80990981401122
332.9579,8.06212560723502e-08,19.0928934669623
334.9962,9.28584998087412e-06,10.5484586703691
335.0644,0.00364455514769502,-4.45899292569185
335.0646,0.0299139585740276,-2.90734510726227
335.1455,0.0241807737269948,3.07018004567209
335.6343,0.005851212302411,4.08825819623943
336.0486,0.394527303348029,-1.00314821406184
337.1831,0.065684640942535,-2.34346754457906
338.1023,0.143264152499157,-1.78537392231744
338.1755,2.88318417279294e-09,30.147680525338
340.0817,0.01211882518847,-3.55887257980851
342.1401,1.28928892104834e-06,13.6811929506081
342.1402,3.03167535835081e-09,29.7997263236718
343.1242,1.9432019727023e-09,32.3702991708503
343.1243,1.10690754627486e-05,10.3322744884835
343.1273,0.330535709855586,1.14345553705739
343.1433,2.22737246649156e-05,9.45773226556951
343.166,0.33013518705329,-1.14504000169958
344.1347,3.03167535835081e-09,28.9604861053793
345.0058,0.847768577147116,-0.234064124273828
345.0553,0.00730638184052611,-3.92493508977101
345.0788,0.0521278698938991,-2.49775854508675
345.9821,0.0165794502398046,-3.34086751492094
346.0386,0.00239149219859735,-4.77694613996909
347.055,0.0160374096109138,-3.36405510078534
347.1221,3.72342490982789e-09,27.8492208450914
347.1359,0.00233708956755523,-4.80345115606466
347.2588,0.456554299818298,-0.872173830584841
347.5678,0.771713089957487,-0.353146922947027
348.071,3.87255800569996e-09,-27.573451517865
348.1231,0.119291574449309,-1.91602074745116
348.1772,0.000391342482162832,-6.41501554240762
349.0743,1.9432019727023e-09,-32.4819832638079
350.1024,0.0233120256056324,-3.09470075954209
351.1769,3.03167535835081e-09,28.9224877131952
352.1181,0.0741873105383145,-2.25722905235561
352.9921,0.693434616185539,-0.469680099075538
354.5445,0.00492878228407924,-4.2260429825115
354.9118,0.227054067918072,-1.43905084063809
354.9901,0.551970767102568,-0.696674635221501
355.146,0.0178601883466597,-3.28430975290383
355.225,0.000657725331641714,-5.90239373164051
355.7345,0.0251488575540366,-3.04300300500447
358.1768,0.497951206379337,-0.79445502951945
359.0183,0.00843855490132807,-3.81339481658587
359.1244,0.397562366227339,-0.995977543143418
359.5222,0.0117002379805003,-3.58787218987849
360.2137,0.00581755601119563,-4.09625465662903
360.2388,0.00666631297636286,-3.98995331981779
361.6055,0.00908599212434246,3.76190805135375
361.9561,0.00675359764986378,-3.97909025196574
362.0109,0.00208657887049133,-4.89653530125724
362.0867,0.000126204252297351,-7.53960069463936
362.0976,0.000126144474387323,7.54491287468023
363.7232,0.047104690766333,-2.57738882162955
364.0659,8.06577085028617e-05,-8.0182147337398
365.1134,0.0173811639660047,-3.30591421289491
365.1453,0.0269727000474274,-2.98832131515133
366.0713,8.48231499433322e-05,7.9667087587098
366.0974,0.000461731356491822,-6.24001771112377
367.1355,1.62131051607106e-07,17.4912059065673
367.1508,5.33185758916329e-09,26.4116220888149
368.2074,0.0962271243689287,-2.07422203205558
369.0135,3.72342490982789e-09,27.7891768126201
369.1308,0.112138825433099,-1.95968233347401
369.7502,0.00013702803857496,-7.44876290058689
370.0531,6.95917300475254e-07,-14.654730555691
370.0838,0.732961276155435,0.409581098847655
370.534,0.0323560312824446,-2.84770077112823
371.0518,3.03167535835081e-09,28.9293076449137
371.1141,6.72175349815909e-05,-8.22100233156344
371.2563,0.597782017990738,-0.618943671332622
371.2775,0.201152369836015,-1.52796592446919
371.7093,0.0351553637467645,-2.79118821260896
374.8092,0.0703695251189927,-2.29650560656104
376.758,0.0572825002272823,-2.43515062918049
376.8073,0.276797879187205,-1.28641116893438
377.007,4.11520707803347e-08,20.4973000285433
377.1326,0.219137981155253,1.46456394458272
379.1293,0.00076390368915585,5.76497403271019
379.1655,0.00787554483272469,-3.86479011095765
380.1081,2.59142575961176e-07,16.4369249645666
380.113,0.00161434436531244,5.11192316116147
381.1512,0.597782017990738,0.619197213152989
381.1874,1.40616868309843e-05,9.99617935143733
381.3522,0.33013518705329,-1.14547699022619
382.0211,0.0782972499996861,-2.21682087598231
382.2232,0.0941333058405919,2.09353279848994
384.1158,0.478234148281256,-0.828943912323132
384.7467,0.301707189698079,-1.21878536270026
385.0926,0.00570921112833991,4.1124372378112
385.1281,4.21674366424056e-06,11.6718942977917
385.13,7.0009539416577e-05,-8.17143934364399
385.17,0.00121833746290933,-5.35090027102358
385.7545,0.0281295054026902,-2.95609646713126
386.0565,2.89920102853888e-06,12.2243252009159
387.0408,1.64980257451142e-07,17.4280474168286
387.1871,0.170117362172332,1.65608974746681
388.0943,0.0401187567273181,2.69659295873077
388.1105,2.41987024825548e-09,31.1323316662923
388.8671,0.148358396456805,-1.75870271439071
389.1325,2.55687857051372e-06,12.4578981074779
390.7736,0.0025527112864396,-4.72275963514313
392.7327,0.172285626535853,-1.64524938695398
393.0815,0.167202891890691,-1.66981310604997
394.1287,0.000134429094196612,7.4701229953381
394.2233,0.0478777858572539,-2.56360779228158
395.3317,0.209145249008714,-1.5010094793045
395.3318,0.0215694246137653,-3.15322110975902
396.2389,0.000102227317756306,-7.7766994034779
397.0438,0.975397342090827,0.0381865231493338
397.1372,0.0355683404286652,-2.78157717294313
397.3472,0.584264139271672,-0.641986657314835
398.7625,0.104018108631572,-2.0184791409859
398.9783,0.818060202341425,0.276119127299616
399.1451,0.0103684484841602,-3.67274652266104
400.146,1.5794575192408e-07,17.6041739278646
400.2102,0.00502998048769862,-4.21012778786032
400.525,0.11119094138108,-1.96610731692178
401.1655,0.0997886649165478,-2.05098983461952
402.0452,0.00194406240902849,-4.96206773167959
403.0561,5.94612664284562e-09,25.9511089961178
403.9248,1.37554567565039e-07,-17.9616721486043
405.0104,0.933436794650912,-0.108575015437601
405.0514,6.5991802442606e-09,25.5984186705845
405.0951,0.00478981430508728,4.24879141896992
405.5025,0.00275145007811188,-4.66618215078698
407.2775,0.268077419863587,-1.31236636813868
407.3504,0.107476298192375,-1.99201567865203
408.0908,2.75978367413372e-06,12.3019067936495
408.1499,0.000225624189716473,6.94379173026829
409.0469,4.05002554523512e-05,-8.75477834215509
409.0841,0.000270591755552924,6.76741238127534
409.163,0.179337261855574,-1.61637698432413
409.1692,0.644105830066568,-0.545364676767461
410.2545,0.000191642656402717,-7.10025383635337
411.0863,0.100348073235247,2.04610793863234
413.1234,9.67076449214699e-05,7.83715205747734
413.1328,0.0100987744332157,3.69126012030364
415.2125,0.0245382744606333,-3.06052967163363
415.3039,0.520114632207715,-0.753749778891476
416.0506,0.245795413615505,-1.37968096940433
418.1651,0.0780706166218299,-2.21932329210149
418.9541,0.0769561046596821,-2.22939200301531
419.0671,0.00138338428359026,5.24176899894157
421.1397,0.629710031614694,0.569848850319654
421.2711,0.556114558437559,-0.688795473661836
422.1028,1.34228837238665e-09,38.2982806105799
423.0634,0.000461731356491822,6.24319956358943
423.0907,5.86225086713967e-09,26.0722634942766
423.1096,6.0025837565777e-05,8.33301965067958
423.1806,0.180022290072436,-1.61324837868599
424.103,0.00787554483272469,-3.86394449851455
426.213,0.104185974035917,-2.01596848843549
427.0963,0.356893917912468,-1.08439680141006
427.2311,0.0231028917349986,-3.10163231005205
428.0377,0.133963839855864,-1.83464680875346
428.2111,0.00419031684064274,-4.34967703336654
429.1561,0.00042777958156924,-6.32858584594039
430.089,0.281584281273491,1.27404653464755
430.2447,0.160948226201082,-1.69739170454848
431.0837,3.36270648415981e-09,28.4274981379782
432.2392,0.00248828042680383,-4.74329759967981
433.3087,0.773187581782895,-0.34926694400094
434.1237,0.0270489624814223,2.98501980462321
434.1238,1.96115759495587e-05,9.60674631161602
434.1602,0.039453770270955,-2.70885332831997
435.2879,0.0611275007266381,-2.39217298016767
435.2964,0.996085977920847,0.00614641109894549
435.309,0.348162476626755,-1.10362670407876
435.3242,0.00787554483272469,-3.86382695965014
436.9446,0.165619714588183,-1.67794068669471
436.9537,0.478234148281256,-0.828927770123766
437.1806,0.00117712559985788,-5.37817059438099
437.3399,0.0189607019300199,-3.24118479163174
437.3609,0.129776640091482,-1.85625136162577
438.0677,0.144606322293788,-1.77830073919118
439.1931,0.000114426198014399,7.65568150792831
440.229,0.000941027570050414,-5.56775857355359
440.4108,0.0741873105383145,-2.25740414639553
441.1013,0.0613281090253018,2.38942966182945
441.112,0.119714706677728,1.91271300118611
441.3333,0.000585606079507669,-6.01548941142486
441.3334,0.013904162360952,-3.46433020018488
442.0573,9.20356383583288e-06,10.5681818945338
442.7968,0.0449093399165972,-2.61044824837677
442.9615,0.498689657011195,-0.792485290974266
443.8,0.00561862875418867,-4.13141706315825
444.0066,0.158883614023646,-1.70746685279921
444.015,0.00748984818438555,-3.9041632269676
444.0327,0.0308278878142352,2.88299477052734
444.0371,0.301372789893832,-1.22100126096776
444.2391,0.0943149472228293,-2.09075937265407
444.7947,0.093327319232362,-2.10022255143848
445.3145,0.00242480032816546,-4.76408044153217
445.9177,0.000828992278878927,-5.69508414325351
448.1247,0.00662368742746068,-3.99623420192536
449.1348,0.365117049257997,-1.06500982516454
449.3034,0.00581755601119563,-4.09783148509783
449.3035,0.0763871136046323,-2.23695105803172
449.3761,0.228207871170866,-1.43430270657085
451.3191,0.370646117946726,-1.05188988947077
452.2783,0.0906313743799387,-2.11998120338438
453.0925,0.95565849557306,-0.0677509353815272
453.1449,0.0374988258614077,-2.7461350227846
453.3194,0.26382611773378,-1.32383730658912
453.3346,0.158883614023646,-1.70779371996548
457.0571,3.32702655433091e-05,8.96917294018506
457.2722,0.424117061313109,-0.938534654745552
458.1878,0.30157075378128,1.21982256829232
458.7708,0.233534844211586,-1.4163090854007
459.3302,0.0323560312824446,-2.84711558231804
459.7742,0.123880219098378,-1.8889947662496
460.234,0.0388581890053743,-2.71986626501045
460.2552,0.0103414355290781,-3.67560093480241
460.7688,0.362344878396395,-1.07125877626033
463.099,0.466610200023561,0.851356776764052
465.2985,0.146884426626934,-1.76559698634161
465.2987,0.140929712835996,-1.79620799112049
465.3349,0.0263385713934855,-3.00872110983715
467.245,0.030219364510533,-2.89656144437291
467.3143,0.422910527980097,-0.941445366610873
467.3506,0.00241886667641524,-4.76754562579705
468.4423,0.146535153088413,-1.76779809003731
470.0088,1.9432019727023e-09,32.9635324516889
470.1452,2.3321282287549e-08,22.0803180144625
471.2194,2.52590589090622e-05,9.29759348252247
473.703,0.00206590822350077,-4.90518141169757
476.162,0.772563895017177,-0.351111221663299
476.1621,0.00238898114792166,4.78131783439959
476.3146,0.263405224226744,-1.32562861453389
476.3727,0.0741873105383145,-2.25910072555432
476.9075,0.520114632207715,-0.754192054663431
477.2717,0.152995903405768,-1.7374729595566
479.0883,1.2421305411408e-05,10.1755757331855
479.1607,0.522755319569403,-0.748700294354544
479.3717,0.104755525112725,-2.00953792020685
480.3097,0.000585606079507669,-6.01031513504045
481.0988,0.0317089930553069,-2.86080221545879
481.2934,0.935895309586126,-0.0993436639767246
481.3298,0.343928784679999,-1.11382538308343
482.1452,0.499466045666971,-0.790455445083877
483.309,0.909812534067438,0.146043133818677
483.3454,0.208990155720907,-1.50220539069839
485.0182,0.000114383654297058,7.66113564413017
485.056,0.859631405236382,0.216926536312776
485.3597,0.000385360725722667,-6.43055676464232
485.3598,0.0117002379805003,-3.58601065621581
485.4211,0.0404388999490706,-2.68897151202884
488.0834,0.411934973434488,0.966515586178065
489.1159,0.000119284288658157,-7.60386282875996
490.1777,0.00784072654424536,3.87058746623962
494.3252,0.0735680995056022,-2.26712608583414
494.3255,0.133957327424043,-1.83541772599269
497.0495,2.23348045645887e-11,64.5137987660634
499.323,0.451517333630425,-0.883828032177044
499.3754,0.00475432412718095,-4.25506432107879
500.0123,0.0228641290803736,-3.10996276221231
501.2521,0.10694082042495,-1.9957724816064
502.9156,0.0571963322169162,-2.43769619978067
503.3567,0.0172820179206458,-3.31055730152573
505.3874,0.65414092892177,-0.530172251258746
506.7747,0.268814081306804,-1.30979727200186
507.3927,0.262813749208117,-1.32857714584918
509.156,9.84101652551014e-05,7.81610852776342
509.4096,0.0323850046714165,-2.84564435670546
515.0455,1.9432019727023e-09,34.2632571635905
519.3069,0.194132710075986,-1.55598419545256
521.3227,0.00129536504257862,-5.29879454846199
521.4575,0.01211882518847,-3.56026140555362
522.3569,0.545619401105213,-0.708740593705519
522.9136,0.522755319569403,-0.748032933363775
523.3434,0.596750885898379,-0.622915841837728
525.3923,0.129139430497362,-1.86073509050034
526.9232,0.253548482938351,-1.35545167789101
531.3155,0.175898090601603,-1.63075199649309
533.4188,0.0521607117521853,-2.49655043649592
535.4252,0.0504938479114994,-2.52604140889918
535.4345,0.00237829791576573,-4.7861961402519
537.4408,0.00613416253553028,-4.05013854349447
539.4683,0.0299753621751354,-2.90226182857807
540.4272,0.0151318605365692,-3.40442955133379
542.07,0.0449093399165972,-2.61116429896307
542.1493,0.00417596294485028,4.35348678393194
542.8973,0.119759888959367,-1.91099474707166
543.9006,0.101487242340101,-2.03782089906111
547.4732,0.0228641290803736,-3.10934923582606
549.4888,0.139844489751797,-1.80242646624319
549.9733,0.691128069302812,0.47543580478368
550.1198,0.00192219656536792,-4.97376782653266
551.8615,0.0352871769969493,-2.78713585038915
553.166,0.00252070984974992,4.73291097969442
553.1828,0.108594569058533,-1.98503997777327
553.1928,0.172992667219227,-1.64195416991443
553.2575,0.0589277871574162,-2.41776013737331
553.877,0.0426604397617613,-2.65348313944863
555.3654,0.00624901969725947,-4.0357378162677
556.1439,4.28380307960023e-07,15.5053209026385
557.7244,0.186871147732178,-1.58526866200693
558.0351,0.013757370506882,-3.47186473956089
558.7321,0.0478715801901706,-2.56623652780594
558.8712,0.043511579872538,-2.63504732330443
559.4345,0.000936006744825998,-5.57408036841839
559.8746,0.273400664469307,-1.29621455794481
563.4566,0.0231028917349986,-3.10113686864658
565.317,0.00244700050622012,-4.75620438935787
565.4839,0.00339045846871608,-4.51591147969997
567.4997,0.000242471575848985,-6.86456810262005
569.1402,2.9245858142803e-06,12.1997363697482
569.2232,2.34706835985986e-09,31.4817873763909
569.8509,0.0479915952471768,-2.56131653179227
570.1443,1.9432019727023e-09,33.9935851992742
571.0865,0.000444766815697762,6.28183479972624
571.7401,0.0966452989324866,-2.07086460009034
575.01,0.932218708934365,-0.111392442452852
575.5044,0.0432773105269482,-2.63996903036267
577.016,0.0001601098154514,7.28271136159974
577.9683,0.933436794650912,0.103970445765561
578.772,0.0947052669361749,-2.08604173962538
584.0519,0.00804900947518711,-3.84645835719644
584.2948,0.000415484647812814,-6.35800781375686
584.295,0.00155739123520722,-5.15103699425496
587.4659,0.005851212302411,-4.0883368305483
589.0462,0.741681644335358,-0.397131755740356
589.4723,0.000323770750988921,-6.5968223223166
593.5154,0.00076390368915585,-5.76755481868124
594.746,0.0511700929267928,-2.51280121524064
599.3916,0.031038549587792,-2.87422522084752
599.3917,0.0182378073534354,-3.26858499190259
603.1547,0.805872769242815,0.299470995632662
606.0861,0.0169048827387162,3.32683086624353
606.8749,0.471513180511542,-0.84239131875812
608.0908,0.158518948730334,-1.71108197497937
608.4297,0.0605494845480875,-2.40021619860391
609.3265,0.260648609662998,-1.33556280064079
610.72,0.198315988732892,-1.53870587381333
612.7123,0.0741873105383145,-2.25762835850523
613.1611,0.119759888959367,-1.91167732313278
617.0621,3.89672930279247e-05,8.79920143377842
620.9887,0.0998124284454555,2.05007629778004
621.0156,0.630208427724615,0.568302283377933
622.3172,0.303636032369299,-1.21356960259327
626.694,0.912005271797764,-0.141213589868181
628.6919,0.424163871016224,-0.937694840424224
629.4377,0.00586449924920501,-4.08276143047606
634.4457,0.0420349009459485,-2.66319865680848
636.4612,0.10200101815384,-2.03294236674633
636.6737,0.0370812940352717,-2.75451176814811
638.1029,0.229759544839225,-1.42914964112853
640.2706,0.129649011771172,-1.85759293210437
646.7062,0.233291040403197,-1.4177112569824
647.0714,1.85146224816744e-08,22.7237633890631
647.4869,0.0962222692310111,-2.07502484254121
648.4615,0.78470077545672,-0.330659591876606
649.5028,0.00024649655886769,-6.84717285877283
650.4771,0.166014059059327,-1.67572766311293
651.7967,0.28726197229263,-1.25754844322523
653.1018,0.000175546522959613,7.19568859697605
653.1223,0.0219371704743104,-3.13898620234698
653.8124,0.0179177469780336,-3.281286891282
655.4533,0.00548777379056757,-4.14770235595213
657.469,0.0019231165319444,-4.97141514969943
659.1361,0.262698599173777,-1.32959188902273
659.7057,0.039453770270955,-2.70826339647662
660.4616,0.131983213365556,-1.8452264242968
660.7218,0.0178601883466597,-3.28433779096339
662.4769,0.00756196379395916,-3.89554060240635
664.1184,0.644105830066568,-0.545398672833757
670.6676,0.015044349812002,-3.40905351099713
675.4245,0.137458464757594,-1.81440546253989
676.4927,0.368192085589479,-1.05745384674369
678.5083,0.362344878396395,-1.07148738553483
678.7076,0.0685091096508996,-2.3130574203428
680.083,0.00936095268152067,-3.73988003087943
682.0809,0.638673028278218,-0.555527209980619
683.4845,0.0426604397617613,-2.65199342744858
689.496,0.0251832104824551,-3.0411669835493
690.5084,0.0214393854662514,-3.15893779392419
691.2111,0.0130031625414311,3.50919378594671
693.6997,0.210098092400401,-1.49592639972058
694.6815,0.0929067309671259,-2.10446010893542
698.5002,0.0606806982930386,-2.39812082772391
702.5085,0.194573113321688,-1.55382029721128
703.4558,0.0630621175376137,-2.37063061831304
704.5241,0.0390954372185363,-2.7154048850534
704.6613,0.562269310440082,-0.677914076213322
707.7152,0.0469575125336927,-2.58008369488307
710.4746,0.00439223917156316,-4.31805971649381
710.4748,0.0117002379805003,-3.58617047554299
710.8203,0.507564934546584,-0.776722173424467
712.5163,0.0717524617387616,-2.28425383557973
713.4235,0.00190934591339028,-4.98034450523937
713.4937,0.01149185780204,-3.60180527470409
714.254,0.104755525112725,-2.008917760069
714.6935,0.0883654370695905,-2.13736385245815
716.5241,0.0378615883887005,-2.73867898728704
718.54,0.0950645741903093,-2.08301190850884
718.6769,0.0439532567778822,-2.62827663008674
719.5431,0.83301537972743,0.253966940945868
721.2707,0.182462614272987,-1.60401424606664
726.7942,0.103174102463997,-2.02412302735818
727.6935,0.41960807941203,-0.949630503726462
727.7957,0.0427432308976712,-2.64898535900035
728.5223,0.0866658218537301,-2.15202630007321
730.5397,0.815402203511743,-0.283370994474502
732.4829,0.417827931604264,-0.954344156613159
732.5555,0.0253222782356021,-3.03587385214426
733.5489,0.296995423088035,-1.232533186668
734.4983,0.0505694896426184,-2.52174954609736
738.4308,0.695994679803231,-0.465335337011434
738.5062,0.935958699642457,-0.0982077961561219
738.6551,0.136431375318878,-1.82052339712943
739.5095,0.331748879319435,-1.14013941089999
740.4464,0.977244646943184,0.0335418165146124
740.5126,0.116068105176218,-1.93740632217333
740.5175,0.031038549587792,-2.87424142238764
740.5475,0.0478777858572539,-2.56417882382831
740.6874,0.318603692689078,-1.17511204586028
741.5307,0.692845066880366,-0.47135574788172
741.709,0.127987790867428,-1.86767678036597
742.0533,0.00267320605651889,-4.68828663099593
742.933,0.154768599908549,-1.72740981476564
743.9355,0.816344416338385,-0.280165057969024
744.5555,0.00743628162026595,-3.90995026841759
744.9309,0.773187581782895,-0.348444615652791
748.6873,0.3827690327185,-1.02765803030737
751.4083,0.144606322293788,-1.77816456546953
752.6708,0.112516877697903,-1.95690338810022
753.7999,0.0669418491265624,-2.32826751897677
754.5281,0.209948073144586,-1.49710337637545
755.0391,0.104070746075383,-2.01741237216251
756.4804,0.0440301325465276,-2.62566609763755
756.8255,0.673473851127858,-0.502111377548914
757.0064,0.0866658218537301,-2.15259938984176
757.4834,0.399515502444964,-0.991593328234224
757.5461,0.0350517851817955,-2.79384588777473
758.571,0.015818326813467,-3.37454430193064
759.6487,0.0115107184417692,-3.59956926079482
760.4877,0.0638287862723101,-2.36272862877747
760.514,0.291592706833359,-1.24586339432626
760.5869,0.0376846692081873,-2.7423304936556
761.4912,0.0741873105383145,-2.25784315532255
761.5801,0.13556609725188,-1.82515646156251
761.6874,0.110541718665959,-1.97284054443127
762.5038,0.0594678508119944,-2.41159294505454
762.5299,0.454440538467947,-0.878070569394695
763.507,0.314138409171044,-1.1863446463749
766.4502,0.816344416338385,0.279289616298266
766.4622,0.1012866962258,-2.03977282747402
768.4778,0.449777845364134,-0.887573451555179
768.553,0.0122343434983472,-3.55078252948039
773.6651,0.0780706166218299,-2.21940153208843
774.4287,0.0551989870100057,-2.46013827896199
775.7032,0.0504938479114994,-2.52481287549729
778.461,0.436630907365299,-0.913396117646892
782.5596,0.00732628649099182,-3.9218782795896
782.6813,0.409643780065906,-0.971442958092188
786.5157,0.690807148921989,0.476747152637626
786.6029,0.429943455351968,-0.926674043718364
787.7115,0.611187793871703,-0.597088643946793
790.4984,0.263047838220207,-1.32725958666054
790.5613,0.533724845000424,-0.729394862569445
792.4781,0.0831799936327961,-2.17949296281711
794.4936,0.102649934387104,-2.02793729945617
795.6807,0.209461815652009,-1.49931665339173
800.4442,0.0199834839917461,-3.20579350144814
802.4599,0.0744637564253617,-2.2535751003151
803.4631,0.232939994351046,-1.41941670460193
803.6758,0.327253981885495,-1.15267563414324
814.5581,0.388939979993101,-1.01516553958469
816.6751,0.137458464757594,-1.81420014960279
820.5092,0.948972683242343,-0.0784266627156911
821.0109,0.951895702713549,0.0736273681231682
821.1563,0.160674444940001,1.69976241807636
822.525,0.119291574449309,-1.91560272554361
823.5182,0.0453519691383807,-2.60298004005708
828.4757,0.0480666187916471,-2.55954388926882
830.4909,0.36701901413047,-1.06050747056732
834.4383,0.121292941300407,-1.90254358804687
834.4498,0.301357026621925,-1.22176335545421
842.4161,0.0293807986060831,-2.92372696698538
849.544,0.0497192552809808,-2.53639482970093
850.5464,0.00161278328183628,5.1178096174007
850.5564,0.0328990928473967,-2.83551141082719
850.6691,0.549374149332681,0.702222084437206
854.5031,0.859396523982649,-0.218215550510202
862.4814,0.463916964816881,-0.85895674460109
863.6684,0.225839289911523,-1.44327307762794
866.5147,0.152995903405768,-1.73753780444123
868.4318,0.00184958451551388,-5.00394753964709
868.9337,0.244743110951185,-1.38324121124321
870.4475,0.422910527980097,-0.941696123667586
876.5722,0.915873187682665,-0.134217548701843
878.7423,0.286930679795615,-1.25905918699061
882.5344,0.0251488575540366,-3.04368359846282
883.1238,0.700097210199949,-0.458029205360557
884.6627,0.890946633806095,-0.172029452758186
888.9988,0.600277315327065,0.61367101975431
890.5128,0.198315988732892,-1.53911758602823
894.5466,0.0120787374815816,-3.56439631934053
896.4633,0.0737436936328565,-2.26491598595659
897.6623,0.192814203439198,-1.56108599929157
898.4792,0.0374988258614077,-2.74634893932411
902.4262,0.319185560403914,-1.17277403505946
922.491,0.948972683242343,0.0789937031057009
936.4195,0.0519368819894812,-2.50074263738076
938.4349,0.104185974035917,-2.01522464502099
943.4849,0.537168208615037,0.723288538820485
952.65,0.876245537484525,-0.193752519452636
956.4845,0.110699115160914,-1.97122886358799
964.4515,0.216533834626561,-1.47496279006851
984.5161,0.253548482938351,-1.35664478039993
990.4785,0.742223923722282,-0.395508902507101
1004.4074,0.532038468473422,-0.732797846978753
1024.4716,0.554586112480265,-0.691910198416283
1321.2124,0.78470077545672,0.330803391371472
1359.1651,0.753836150776201,-0.378385986877809
1413.9914,0.889620641778176,-0.174728961885156
